degree,alpha,n_polynomial_features,mean_train_mse,mean_train_r2,mean_cv_mse,std_cv_mse,mean_cv_r2,std_cv_r2
1,0.0001,3,28.484675199861954,0.27456692000532323,29.09212696889074,5.001752861850931,0.2565076308145503,0.05266929773062738
1,0.00014563484775012445,3,28.484675199862284,0.27456692000531485,29.092126924716673,5.0017527260664085,0.2565076317594025,0.052669293320696836
1,0.00021209508879201905,3,28.48467519986297,0.27456692000529737,29.09212686038406,5.001752528316897,0.2565076331354308,0.05266928689830312
1,0.00030888435964774815,3,28.484675199864416,0.2745669200052606,29.092126766693855,5.001752240324867,0.25650763513939473,0.05266927754506369
1,0.0004498432668969444,3,28.484675199867468,0.2745669200051826,29.0921266302493,5.001751820908469,0.25650763805783844,0.05266926392349632
1,0.0006551285568595509,3,28.484675199873948,0.27456692000501737,29.092126431540674,5.00175121009277,0.2565076423080532,0.05266924408576498
1,0.0009540954763499944,3,28.48467519988772,0.274566920004666,29.09212614215636,5.001750320533837,0.2565076484977274,0.05266921519515294
1,0.0013894954943731374,3,28.484675199916957,0.27456692000392013,29.092125720721885,5.001749025029374,0.25650765751179666,0.05266917312043397
1,0.0020235896477251557,3,28.48467519997888,0.2745669200023403,29.09212510698746,5.001747138330512,0.2565076706388861,0.05266911184515068
1,0.0029470517025518097,3,28.484675200110253,0.27456691999898897,29.09212421322088,5.001744390654546,0.2565076897553638,0.052669022607345344
1,0.004291934260128779,3,28.484675200388914,0.2745669199918801,29.092122911679958,5.001740389112754,0.25650771759320107,0.05266889264676736
1,0.0062505519252739694,3,28.484675200979915,0.27456691997680316,29.092121016383516,5.001734561541066,0.25650775812967097,0.052668703380495625
1,0.009102981779915217,3,28.484675202233376,0.27456691994482646,29.0921182565972,5.001726074709441,0.25650781715403104,0.052668427746284094
1,0.013257113655901081,3,28.48467520489185,0.27456691987700654,29.092114238289543,5.001713715229448,0.2565079030910245,0.052668026334103814
1,0.019306977288832496,3,28.484675210530234,0.27456691973316694,29.092108388148358,5.001695716165017,0.2565080281963601,0.05266744175353432
1,0.02811768697974228,3,28.484675222488494,0.27456691942810246,29.092099872365658,5.0016695046238695,0.2565082102896726,0.05266659043327633
1,0.040949150623804234,3,28.484675247850042,0.27456691878110895,29.092087479031886,5.001631334388949,0.25650847526117043,0.052665350683799975
1,0.05963623316594643,3,28.484675301636315,0.274566917408979,29.092069448285446,5.001575751382203,0.2565088606858377,0.05266354532389786
1,0.08685113737513521,3,28.484675415701332,0.27456691449909015,29.092043227969903,5.001494816211004,0.256509421009931,0.052660916403249235
1,0.12648552168552957,3,28.484675657587196,0.274566908328391,29.092005124184794,5.0013769740824054,0.2565102349410186,0.05265708844130925
1,0.18420699693267145,3,28.4846761704904,0.27456689524382594,29.091949805922305,5.001205413575672,0.2565114158644879,0.0526515149997503
1,0.2682695795279725,3,28.484677257947368,0.2745668675019425,29.09186961235369,5.000955686125916,0.25651312628097145,0.05264340110513391
1,0.3906939937054613,3,28.484679563200178,0.27456680869313227,29.091753604745822,5.000592259659086,0.25651559728196177,0.052631590760049834
1,0.5689866029018293,3,28.484684448855553,0.2745666840562374,29.091586314137977,5.000063542831633,0.25651915363594757,0.05261440415826048
1,0.8286427728546842,3,28.48469479976061,0.2745664199965803,29.091346188566682,4.999294730148702,0.25652424340577973,0.05258940280653328
1,1.2067926406393288,3,28.48471671858896,0.27456586083029655,29.09100390248914,4.998177574983792,0.25653146651590275,0.0525530520858912
1,1.7575106248547894,3,28.484763099730763,0.27456467761180575,29.0905210928822,4.9965559013256815,0.25654158578238595,0.052500239553749335
1,2.559547922699533,3,28.48486114072411,0.2745621765119731,29.089851021589475,4.994205353492293,0.25655547911065063,0.05242359381578492
1,3.727593720314938,3,28.485068063769813,0.27455689775201836,29.088944732130262,4.990805673161819,0.2565739374105739,0.05231253506512812
1,5.428675439323859,3,28.485503821290706,0.2745457812654869,29.08777067495189,4.98590397412624,0.2565970983941729,0.05215198019722379
1,7.9060432109076855,3,28.486418529807814,0.27452244642684553,29.08636483200703,4.978868690652032,0.2566230725602283,0.051920636501789824
1,11.513953993264458,3,28.48832970172461,0.27447369122028337,29.0849462491638,4.968837365232549,0.2566448577853929,0.05158887702098498
1,16.768329368110066,3,28.492296189382735,0.2743725038874968,29.084166287476556,4.954669458960116,0.2566437821395353,0.05111635112279844
1,24.420530945486497,3,28.500449623028874,0.27416450603639814,29.085617226020066,4.934931259056601,0.25657624796102907,0.0504498302755922
1,35.564803062231285,3,28.51698206541672,0.27374275822166866,29.092810273719902,4.907966967391195,0.25634839723825553,0.049522418629992584
1,51.79474679231202,3,28.549864593509927,0.27290392138881125,29.1129190720719,4.872146134424291,0.2557711422615305,0.04825618137142702
1,75.43120063354607,3,28.613538601207132,0.2712796091662086,29.159562793613777,4.8264021889492765,0.25448863103403463,0.04657111867766262
1,109.85411419875572,3,28.732415535936582,0.26824712843242116,29.2564980734469,4.771130348471095,0.2518837055108274,0.04440312307467695
1,159.98587196060572,3,28.9438368890986,0.2628540096105083,29.44087475159543,4.70929646836551,0.24699518232250778,0.04173017615869752
1,232.99518105153672,3,29.297097078727926,0.2538429969143062,29.762578884956316,4.64717941908283,0.2385364992520934,0.03859867026237595
1,339.3221771895323,3,29.843647345324893,0.23990200844044035,30.27459425853935,4.593789088150918,0.2251458290580378,0.035134864388489104
1,494.1713361323828,3,30.616364704351934,0.22019296238364167,31.012063663358596,4.558341102287562,0.20592640563272005,0.03153053112127501
1,719.6856730011514,3,31.605241543414337,0.19497173255722386,31.967399792699933,4.546605524178069,0.18108675457926268,0.028008955013123792
1,1048.1131341546852,3,32.746470922033566,0.16586623451620103,33.07871607770289,4.558386174849715,0.1522358995939252,0.024787594322424954
1,1526.4179671752302,3,33.93763911435898,0.13548861778860166,34.24465466944328,4.587940597382363,0.12199787435363416,0.022042762283502614
1,2222.996482526191,3,35.07207851162364,0.10655902425220035,35.358769044260804,4.6268901639658635,0.09312340523805232,0.019874708800799588
1,3237.45754281764,3,36.07062751560425,0.08109578355578588,36.3415393461605,4.66748493135234,0.06766436622671719,0.01828689991138919
1,4714.8663634573895,3,36.894778942472115,0.06008037900288432,37.153800352408304,4.704480818063559,0.04662867342549122,0.01719943853981071
1,6866.488450042998,3,37.54159025978247,0.04358744778009469,37.79186110306044,4.735367074988552,0.030107626721535906,0.016491580204814133
1,10000.0,3,38.0302656186138,0.031127024062881592,38.27421486009921,4.7596524260007484,0.017619885692279923,0.016044925624552873
2,0.0001,9,18.721117001408686,0.5230404632400909,19.93057188228213,2.9351068487957535,0.4888468537205878,0.0368661836946105
2,0.00014563484775012445,9,18.721117001409404,0.5230404632400726,19.930571856101842,2.935106961532952,0.48884685491861085,0.03686618332736312
2,0.00021209508879201905,9,18.72111700141094,0.5230404632400336,19.930571817974702,2.9351071257175803,0.48884685666333727,0.036866182792524016
2,0.00030888435964774815,9,18.721117001414164,0.5230404632399515,19.930571762449325,2.9351073648275707,0.4888468592042397,0.03686618201361402
2,0.0004498432668969444,9,18.72111700142105,0.523040463239776,19.930571681587185,2.9351077130549434,0.48884686290462237,0.036866180879254036
2,0.0006551285568595509,9,18.72111700143562,0.5230404632394052,19.93057156382832,2.9351082201951537,0.488846868293548,0.03686617922724009
2,0.0009540954763499944,9,18.721117001466503,0.5230404632386187,19.930571392340134,2.9351089587675796,0.48884687614144456,0.036866176821351314
2,0.0013894954943731374,9,18.721117001532047,0.5230404632369497,19.930571142614223,2.935110034385509,0.4888468875701726,0.03686617331758079
2,0.0020235896477251557,9,18.721117001671065,0.52304046323341,19.930570778970115,2.935111600858097,0.4888469042132278,0.03686616821495845
2,0.0029470517025518097,9,18.721117001965887,0.5230404632259029,19.930570249470513,2.935113882183967,0.48884692844886646,0.03686616078394997
2,0.004291934260128779,9,18.72111700259119,0.523040463209981,19.9305694785317,2.935117204580707,0.4888469637392062,0.036866149962210853
2,0.0062505519252739694,9,18.721117003917396,0.5230404631762122,19.930568356194264,2.9351220431296516,0.48884701512321893,0.03686613420283184
2,0.009102981779915217,9,18.721117006730225,0.52304046310459,19.93056672256663,2.93512908970386,0.48884708993287607,0.03686611125347624
2,0.013257113655901081,9,18.721117012695952,0.5230404629526861,19.930564345316295,2.9351393518883486,0.48884719883223726,0.03686607783501707
2,0.019306977288832496,9,18.721117025348615,0.5230404626305148,19.930560887200198,2.9351542970287934,0.48884735732252854,0.03686602917415353
2,0.02811768697974228,9,18.721117052183182,0.5230404619472333,19.930555859437625,2.9351760619873812,0.488847587916667,0.036865958324067624
2,0.040949150623804234,9,18.72111710909461,0.5230404604981123,19.93054855520369,2.9352077585585516,0.48884792326925847,0.03686585517788792
2,0.05963623316594643,9,18.721117229790494,0.5230404574248646,19.930537955738938,2.935253918129477,0.4888484106567887,0.03686570503792974
2,0.08685113737513521,9,18.721117485748273,0.5230404509074785,19.930522599899383,2.9353211389822897,0.4888491183366385,0.036865486544681324
2,0.12648552168552957,9,18.721118028522444,0.5230404370869609,19.9305004075,2.9354190284010016,0.4888501444568556,0.036865168687495724
2,0.18420699693267145,9,18.72111917941199,0.5230404077821589,19.930468450266243,2.9355615734547222,0.488851629287984,0.03686470650781234
2,0.2682695795279725,9,18.721121619441803,0.5230403456523084,19.93042267801832,2.9357691346778445,0.4888537714618454,0.03686403496124444
2,0.3906939937054613,9,18.72112679169161,0.5230402139526339,19.93035764631792,2.936071343924185,0.4888568482888734,0.036863060230833376
2,0.5689866029018293,9,18.721137752726417,0.5230399348545729,19.930266386947903,2.9365113126867817,0.4888612383065861,0.03686164760584122
2,0.8286427728546842,9,18.721160972618517,0.5230393436122218,19.930140782737993,2.937151735482722,0.48886743926628407,0.036859604936709166
2,1.2067926406393288,9,18.721210134788933,0.5230380918077554,19.929973298971657,2.938083724596047,0.4888760630776165,0.03685666084042606
2,1.7575106248547894,9,18.72131414022865,0.5230354435413906,19.929761990144453,2.939439562052794,0.48888776293113656,0.036852437691470445
2,2.559547922699533,9,18.721533915267663,0.5230298474575664,19.929522973191755,2.9414110277123044,0.48890299055093306,0.036846421873001016
2,3.727593720314938,9,18.72199754431264,0.5230180421631179,19.929319310592174,2.9442755744312805,0.48892136005346565,0.03683793943102536
2,5.428675439323859,9,18.722973216777568,0.5229931987799632,19.929324982159983,2.9484333494445916,0.4889401436701256,0.03682615685434205
2,7.9060432109076855,9,18.725019211576928,0.522941101872364,19.929962046417984,2.9544587760303465,0.48895092013130415,0.036810147350130946
2,11.513953993264458,9,18.729287872320135,0.5228324092348255,19.932186408489393,2.963170725884726,0.4889324226899558,0.03678909230100712
2,16.768329368110066,9,18.73812874627763,0.5226072938126107,19.93806527798664,2.975724285292467,0.4888358612112874,0.0367627069734363
2,24.420530945486497,9,18.75624819016644,0.5221459154724977,19.95190075059491,2.9937227019666843,0.4885560650094522,0.03673191210708632
2,35.564803062231285,9,18.792835562254346,0.5212142780873599,19.9823055736535,3.0193364508312803,0.48787778435407886,0.03669940312344952
2,51.79474679231202,9,18.8651865910414,0.5193719570546589,20.045755844164233,3.0553918351301874,0.48638328920008495,0.036668669587979597
2,75.43120063354607,9,19.004186790898117,0.5158324467408038,20.171976121927017,3.1053503881253093,0.4833116550729814,0.036637808326440584
2,109.85411419875572,9,19.260991881708403,0.5092929891827647,20.41049102712773,3.173053517084188,0.47738658476409207,0.0365822426359885
2,159.98587196060572,9,19.711627071065863,0.4978173242327741,20.83509218708254,3.262100746095008,0.4666970081844646,0.03642363023221528
2,232.99518105153672,9,20.45228510610864,0.4789551975602498,21.539117575821013,3.374839997624766,0.44881559953780015,0.03599965183624109
2,339.3221771895323,9,21.5764538616572,0.45032456630126944,22.612941400400885,3.511184036077992,0.4213805759994839,0.035076420741215225
2,494.1713361323828,9,23.132841824022275,0.4106830676355725,24.102951138090624,3.66766881707479,0.3831620367470895,0.03344232549424225
2,719.6856730011514,9,25.082338747977346,0.3610246916205274,25.97014410135401,3.837185276912972,0.335142628837134,0.031052205251757562
2,1048.1131341546852,9,27.28652307764163,0.30487362046672695,28.079905014139428,4.009744653897061,0.2807903864747564,0.028111200749509718
2,1526.4179671752302,9,29.5453117159014,0.24732628684065103,30.23929339265522,4.17441945896506,0.22509597626592098,0.02501373253833404
2,2222.996482526191,9,31.66345934434485,0.1933576023378968,32.261367370027266,4.32191182830587,0.17290425593895856,0.02217581745485355
2,3237.45754281764,9,33.50485160240321,0.14643710029773946,34.016842326925925,4.446525622321943,0.1275717582625148,0.01987811996559878
2,4714.8663634573895,9,35.01016264811358,0.1080780872703225,35.450218661242005,4.54664023942847,0.09054528875883819,0.01820544497041275
2,6866.488450042998,9,36.183153468177636,0.07818608486250316,36.566084987013014,4.623836554395371,0.06171466568420523,0.017087039777884602
2,10000.0,9,37.06476516463059,0.055718720866714144,37.40414245863442,4.681486505810294,0.04005883116039575,0.016382790150298365
3,0.0001,19,8.794692380575054,0.7759989715233022,9.973674510289472,2.0459621617886783,0.7444735336014308,0.036990954238788086
3,0.00014563484775012445,19,8.794692380605564,0.7759989715225242,9.973674380582262,2.0459617306386306,0.744473537125298,0.036990943882337146
3,0.00021209508879201905,19,8.794692380670279,0.7759989715208738,9.973674191705644,2.045961102738796,0.7444735422567057,0.03699092879978262
3,0.00030888435964774815,19,8.794692380807545,0.7759989715173732,9.97367391668273,2.0459601883081806,0.7444735497286125,0.036990906834426907
3,0.0004498432668969444,19,8.794692381098674,0.7759989715099489,9.973673516253765,2.045958856600513,0.7444735606077444,0.03699087484542597
3,0.0006551285568595509,19,8.794692381716128,0.7759989714942022,9.973672933302243,2.0459569172166594,0.7444735764461038,0.03699082825874173
3,0.0009540954763499944,19,8.794692383025687,0.7759989714608053,9.973672084772545,2.045954092896728,0.7444735995007216,0.036990760413246164
3,0.0013894954943731374,19,8.794692385803097,0.7759989713899749,9.97367084997384,2.045949979912226,0.7444736330517767,0.036990661608579334
3,0.0020235896477251557,19,8.794692391693541,0.7759989712397545,9.973669053704548,2.0459439904178724,0.7444736818618416,0.03699051771883121
3,0.0029470517025518097,19,8.794692404185975,0.7759989709211679,9.973666442011092,2.045935268569298,0.7444737528361068,0.036990308174288715
3,0.004291934260128779,19,8.794692430678955,0.7759989702455342,9.973662647595035,2.045922568516935,0.7444738559656868,0.03699000302365375
3,0.0062505519252739694,19,8.794692486860487,0.7759989688127721,9.973657140940436,2.04590407705303,0.7444740056627931,0.036989558658790965
3,0.009102981779915217,19,8.794692605991603,0.7759989657746467,9.973649162330574,2.0458771560239133,0.7444742226234146,0.036988911595208396
3,0.013257113655901081,19,8.794692858579033,0.7759989593330696,9.973637629601274,2.0458379686758987,0.744474536366797,0.03698796942854568
3,0.019306977288832496,19,8.7946933940458,0.7759989456774001,9.973621018105518,2.0457809386259576,0.7444749885671946,0.03698659769429815
3,0.02811768697974228,19,8.794694528945877,0.7759989167347637,9.973597216151063,2.0456979685819725,0.7444756371309394,0.036984600794945914
3,0.040949150623804234,19,8.794696933549341,0.7759988554116901,9.973563378333438,2.04557731658038,0.7444765604976645,0.03698169435835981
3,0.05963623316594643,19,8.794702025998097,0.7759987255422136,9.973515846488691,2.0454019890610575,0.7444778604569333,0.03697746526715011
3,0.08685113737513521,19,8.79471280342563,0.7759984506923668,9.973450317166417,2.0451474631067486,0.744479659009946,0.03697131404763407
3,0.12648552168552957,19,8.794735589791078,0.7759978695863192,9.973362676371398,2.0447785004192025,0.7444820786620319,0.03696237222691077
3,0.18420699693267145,19,8.794783697269722,0.7759966427323894,9.973251442375936,2.0442447815320235,0.7444851822856943,0.03694938460288861
3,0.2682695795279725,19,8.794885052725496,0.7759940579303711,9.973123847075742,2.043475116832564,0.7444888208961076,0.036930543230038804
3,0.3906939937054613,19,8.795097951830035,0.77598862850552,9.973009807789882,2.042370185519728,0.744492280961801,0.03690325679670209
3,0.5689866029018293,19,8.795543209206889,0.7759772734078267,9.97299241763831,2.0407943303186524,0.7444935110971839,0.03686383725937135
3,0.8286427728546842,19,8.796468607422643,0.7759536736226526,9.973271796878976,2.0385683046307004,0.7444874982130868,0.03680708786176035
3,1.2067926406393288,19,8.798374733436143,0.7759050630816257,9.974293445253974,2.0354677272325836,0.7444629983860409,0.036725787911685175
3,1.7575106248547894,19,8.802251230284469,0.7758062038020337,9.976994036505202,2.031237326204238,0.7443962726539669,0.036610096947251196
3,2.559547922699533,19,8.809994862126333,0.7756087245916381,9.983242445010715,2.025639674731669,0.7442398495409429,0.03644695084714261
3,3.727593720314938,19,8.825084311149388,0.7752239131845117,9.996559003272424,2.0185681864346505,0.7439042208936758,0.036219595342157206
3,5.428675439323859,19,8.85351567388918,0.77449886194604,10.023121698656336,2.0102618919013437,0.7432323158691964,0.03590749210666702
3,7.9060432109076855,19,8.904768395995566,0.7731918428669069,10.072817815991502,2.001649924970352,0.7419730564630047,0.035486973412160235
3,11.513953993264458,19,8.992148802057145,0.7709635693099092,10.159643550469315,1.994808646255508,0.7397719930497528,0.034933450621691696
3,16.768329368110066,19,9.131554574415938,0.7674087578351891,10.300416554093628,1.9934351449348704,0.736205499172544,0.03422733476921684
3,24.420530945486497,19,9.338342015445358,0.7621361266803477,10.511424603184874,2.003175879071118,0.7308676069457744,0.033368686138607176
3,35.564803062231285,19,9.624117056287522,0.7548503999277706,10.804886665863739,2.0316527162195226,0.7234600745232767,0.032408166746206946
3,51.79474679231202,19,9.997329557878617,0.745337332164109,11.189274892294076,2.0880264787361353,0.7137805089110604,0.031495856367373565
3,75.43120063354607,19,10.47003834945151,0.7332912617359291,11.67594165917124,2.1817679309976414,0.7015459945627234,0.030920109143797017
3,109.85411419875572,19,11.06766957453342,0.7180661199139701,12.288669988794249,2.320186266452287,0.6861413604402975,0.03105728018005313
3,159.98587196060572,19,11.834367199071835,0.6985386661781561,13.068480719651575,2.5049223291759692,0.666491832983119,0.03215942822931031
3,232.99518105153672,19,12.828349671736424,0.6732265003333262,14.068314960877993,2.7290201220627828,0.641199605804807,0.0340882258433555
3,339.3221771895323,19,14.107465835902053,0.6406558386996306,15.338652357952787,2.976772698113046,0.6089172192655861,0.036268307112097
3,494.1713361323828,19,15.710273073813436,0.5998430825148223,16.910294167838924,3.2273832600102885,0.56879871584489,0.03792900081745532
3,719.6856730011514,19,17.64073408235378,0.5506840280931065,18.782217076106352,3.461592216259901,0.520825946550543,0.03843081939326854
3,1048.1131341546852,19,19.863140265324567,0.4940833609092543,20.919333421007234,3.6683917406710296,0.46588117629945247,0.037493963294099944
3,1526.4179671752302,19,22.3059651709508,0.43185821640374356,23.256753008001663,3.8475597838524735,0.40564457063517984,0.035253652221291246
3,2222.996482526191,19,24.86703460789026,0.3666088980820552,25.702578926638648,4.005832270768435,0.34251646953435533,0.032144578013557995
3,3237.45754281764,19,27.419268751363724,0.3015738348730618,28.140248323040844,4.149904560654095,0.2795426489899941,0.028701942106600205
3,4714.8663634573895,19,29.826306796577438,0.24023069248383155,30.441692059963533,4.281996997768016,0.22006132947334658,0.025394462350519998
3,6866.488450042998,19,31.97035951481457,0.18558479294680458,32.49424901101649,4.400257285007622,0.16700224693723534,0.022539594358830628
3,10000.0,19,33.77829028822145,0.13950299089674728,34.226882047580204,4.501729504785833,0.12221025603617588,0.020284691323726477
4,0.0001,34,2.8687080133527876,0.92687632215677,3.4391429542582457,0.2553851343380431,0.9109980760114345,0.007763024629029481
4,0.00014563484775012445,34,2.8687080134091416,0.9268763221553339,3.439143007195058,0.25538575908653194,0.9109980751626962,0.007763035997461476
4,0.00021209508879201905,34,2.868708013528673,0.926876322152288,3.439143084329337,0.2553866689431333,0.9109980739256061,0.00776305255395282
4,0.00030888435964774815,34,2.8687080137821845,0.926876322145828,3.439143196748205,0.2553879940222041,0.9109980721217852,0.007763076666170463
4,0.0004498432668969444,34,2.8687080143198647,0.9268763221321269,3.43914336064842,0.25538992382198245,0.9109980694901554,0.007763111782378827
4,0.0006551285568595509,34,2.868708015460222,0.9268763221030684,3.4391435997242397,0.25539273433149495,0.9109980656477484,0.007763162924699742
4,0.0009540954763499944,34,2.868708017878771,0.9268763220414389,3.4391439487078315,0.25539682751567894,0.9109980600310035,0.007763237407615754
4,0.0013894954943731374,34,2.868708023008099,0.9268763219107334,3.4391444586586344,0.2554027888364683,0.910998051806823,0.007763345884671899
4,0.0020235896477251557,34,2.868708033886244,0.926876321633537,3.439145204949059,0.2554114710595286,0.9109980397357283,0.007763503873492383
4,0.0029470517025518097,34,2.868708056955436,0.9268763210456882,3.439146299493447,0.25542411638223417,0.9109980219570579,0.007763733978123099
4,0.004291934260128779,34,2.868708105875373,0.9268763197991113,3.439147909827031,0.25544253445558607,0.9109979956432831,0.007764069128465408
4,0.0062505519252739694,34,2.8687082096053174,0.9268763171558672,3.439150289580599,0.2554693619860871,0.9109979564269641,0.007764557304200503
4,0.009102981779915217,34,2.86870842952858,0.9268763115517858,3.4391538285556846,0.25550844152273233,0.9109978974188143,0.007765268427476049
4,0.013257113655901081,34,2.8687088957193,0.9268762996723193,3.4391591376965778,0.25556537460683976,0.9109978074658616,0.007766304428335534
4,0.019306977288832496,34,2.868709883697941,0.9268762744966524,3.439167198292517,0.25564833049496694,0.9109976679558557,0.007767813960387063
4,0.02811768697974228,34,2.8687119767190543,0.9268762211622785,3.4391796329647732,0.2557692304685319,0.9109974467734301,0.007770013949691197
4,0.040949150623804234,34,2.868716408416609,0.9268761082336787,3.4391992133200078,0.2559454860139953,0.9109970865731999,0.007773221218221779
4,0.05963623316594643,34,2.8687257847512493,0.9268758693055545,3.4392308362255024,0.25620255735263325,0.9109964815681708,0.007777899022002314
4,0.08685113737513521,34,2.8687456005700613,0.9268753643575061,3.439283439882877,0.2565777331243238,0.9109954309329277,0.007784725769343394
4,0.12648552168552957,34,2.868787411466605,0.9268742989276084,3.439373817447403,0.257125736628318,0.9109935444642353,0.007794696849473084
4,0.18420699693267145,34,2.868875425657934,0.9268720561348445,3.4395342651140313,0.2579270709326665,0.9109900510031654,0.007809275910109722
4,0.2682695795279725,34,2.8690600777411004,0.9268673507824665,3.439827935650148,0.2591004530213749,0.9109834103809709,0.007830619361701605
4,0.3906939937054613,34,2.8694456083821174,0.9268575265421688,3.440379475221141,0.2608212316918489,0.9109705342218402,0.007861906240448942
4,0.5689866029018293,34,2.870245029697403,0.9268371552389834,3.441435295068252,0.2633481031441858,0.9109452465126736,0.007907808728153961
4,0.8286427728546842,34,2.871886659164601,0.9267953219111431,3.4434792883758547,0.26705990634597243,0.9108953199650628,0.007975116580153948
4,1.2067926406393288,34,2.875212491002296,0.9267105692684542,3.447446764534763,0.2725006697433237,0.9107969885585717,0.008073430472689212
4,1.7575106248547894,34,2.881826918862843,0.9265420099716591,3.4550984327161816,0.28042045421856654,0.9106053499911457,0.008215566928426232
4,2.559547922699533,34,2.8946610832266737,0.926214942535811,3.469623031791264,0.29177854866546293,0.9102389082800061,0.008416767657278331
4,3.727593720314938,34,2.9187823945871507,0.9256002170641452,3.496499707475236,0.3076525006669264,0.9095574915276808,0.008691106018645306
4,5.428675439323859,34,2.9623598255212342,0.9244896308208311,3.5445289913968416,0.3290094880784315,0.908335942857577,0.009043457951210436
4,7.9060432109076855,34,3.037488126921027,0.9225749271986938,3.626732026379628,0.3564022060852362,0.9062413340086506,0.009457530911131879
4,11.513953993264458,34,3.160381307770926,0.9194428950839357,3.7606257837408292,0.3898294870256671,0.9028262445424176,0.009884774002580681
4,16.768329368110066,34,3.3504917076334815,0.9145978872049374,3.9674185090409018,0.4290750748417113,0.8975495056732552,0.01024161266428648
4,24.420530945486497,34,3.628607955937826,0.9075103638501462,4.270125566101884,0.47466577076164895,0.8898241126484521,0.010419624452956563
4,35.564803062231285,34,4.014830874194435,0.8976684529843959,4.691391329036261,0.5293534189029696,0.8790723498091516,0.010311423993860685
4,51.79474679231202,34,4.527670329939719,0.8846007824290067,5.252117602387727,0.5998355201801711,0.864760722268643,0.00986788003797507
4,75.43120063354607,34,5.184183290417464,0.8678727262219589,5.970733362728455,0.6975433907357285,0.8464195718681463,0.009225263003635817
4,109.85411419875572,34,5.9990934943799346,0.8471088241027307,6.861200881351929,0.835828432957465,0.823695523055234,0.008898243578703356
4,159.98587196060572,34,6.981997019548478,0.8220643538329648,7.929425506791267,1.023057905235123,0.7964433065011208,0.009700750324020579
4,232.99518105153672,34,8.136759427585588,0.7926412006724929,9.172831696929688,1.2575703124098114,0.7647335026339884,0.011953530998757119
4,339.3221771895323,34,9.469515124998873,0.7586842398322763,10.589480192953554,1.5298342705029777,0.7286136119552993,0.015153878534012538
4,494.1713361323828,34,11.004944366229598,0.7195663540805158,12.19549495836599,1.8287192243799595,0.6876561088471937,0.01861389737259205
4,719.6856730011514,34,12.798060680502086,0.673887570243731,14.037264743714559,2.1456737269778565,0.6406426127357968,0.021785390288711112
4,1048.1131341546852,34,14.922310634045008,0.6197775686739128,16.179652284223092,2.474477197149158,0.5858685054308111,0.02422667911172164
4,1526.4179671752302,34,17.425815976861987,0.5560097804844851,18.663409258076065,2.8084971867515325,0.5222459897448845,0.025581236164940985
4,2222.996482526191,34,20.27558250591161,0.483422466026293,21.452291000415475,3.138575526085628,0.45067827013534406,0.02566872999844036
4,3237.45754281764,34,23.331629493603288,0.4055785546058835,24.41029341014967,3.4531610298397863,0.37465740335328485,0.024598044743353656
4,4714.8663634573895,34,26.37892298278204,0.32795365133345117,27.334018287381838,3.7403623491278433,0.29943304651146424,0.02276249156040209
4,6866.488450042998,34,29.19972666792905,0.2560939592510197,30.02161234070723,3.990664670618717,0.23022864461693054,0.02068527996629882
4,10000.0,34,31.639068808264756,0.1939483663296308,32.33304585285734,4.198972866924277,0.1706772340602134,0.01881466392088807
5,0.0001,55,1.021887025196738,0.9739675508248432,1.4338154607216063,0.3071252058017135,0.9632027722814864,0.005665993859945877
5,0.00014563484775012445,55,1.0218870257165436,0.9739675508116031,1.4338147214329326,0.3071252823826547,0.9632027936601404,0.005665989989371657
5,0.00021209508879201905,55,1.0218870268188953,0.9739675507835246,1.4338136453069725,0.30712539419565577,0.963202824781108,0.005665984360527183
5,0.00030888435964774815,55,1.0218870291565312,0.9739675507239818,1.433812079229047,0.30712555763755345,0.9632028700748159,0.005665976180060405
5,0.0004498432668969444,55,1.0218870341133084,0.9739675505977262,1.433809800883327,0.3071257969448617,0.9632029359761894,0.0056659643026912765
5,0.0006551285568595509,55,1.0218870446225847,0.9739675503300408,1.4338064879255334,0.30712614817101763,0.9632030318200266,0.005665947081935922
5,0.0009540954763499944,55,1.0218870669004956,0.9739675497625925,1.43380167392845,0.3071266654253476,0.9632031711233158,0.005665922165372821
5,0.0013894954943731374,55,1.02188711411461,0.9739675485599859,1.4337946860008874,0.30712743090415684,0.9632033734069612,0.0056658862232742335
5,0.0020235896477251557,55,1.0218872141416595,0.9739675460121642,1.4337845576919046,0.30712857149593104,0.9632036667522067,0.005665834610028755
5,0.0029470517025518097,55,1.0218874259496737,0.9739675406171351,1.4337699100545247,0.307130287174696,0.963204091320082,0.005665760990543024
5,0.004291934260128779,55,1.021887874123696,0.9739675292015599,1.4337487950350474,0.3071329012070887,0.9632047040493668,0.005665657047678151
5,0.0062505519252739694,55,1.0218888214193782,0.9739675050727289,1.4337185021002612,0.3071369518298925,0.9632055846045613,0.0056655125838089996
5,0.009102981779915217,55,1.021890820590238,0.9739674541513617,1.4336753486947145,0.3071433644376346,0.9632068421817002,0.005665316769965577
5,0.013257113655901081,55,1.0218950301709295,0.9739673469283157,1.4336145233011757,0.30715378228017864,0.9632086216015375,0.005665062246392002
5,0.019306977288832496,55,1.021903865479389,0.9739671218830932,1.433530157389662,0.30717121130357533,0.9632111044407081,0.005664755769082287
5,0.02811768697974228,55,1.0219223235902368,0.9739666517362074,1.4334160266844367,0.3072012866827538,0.9632144953063504,0.0056644431393418964
5,0.040949150623804234,55,1.0219606305677469,0.9739656760242049,1.433267719728684,0.307254756711456,0.9632189722663268,0.005664264054578716
5,0.05963623316594643,55,1.0220393916135013,0.9739636699288988,1.4330879003072687,0.3073522986848005,0.963224560363263,0.005664567159581677
5,0.08685113737513521,55,1.0221992370439803,0.9739595986105625,1.432897557193738,0.3075336387400692,0.9632308547572771,0.005666140568263313
5,0.12648552168552957,55,1.022517945422684,0.9739514811371649,1.432757810741958,0.3078741566353955,0.9632364770140484,0.0056706501347413354
5,0.18420699693267145,55,1.0231386687910577,0.9739356717479805,1.432808278315976,0.30851333080032556,0.9632381108315758,0.005681418014408438
5,0.2682695795279725,55,1.0243121191390336,0.9739057857674387,1.433327628406312,0.30969915584912083,0.9632289714636917,0.005704680263826918
5,0.3906939937054613,55,1.0264527632164562,0.9738512691951786,1.4348182568859016,0.3118482159500665,0.9631966539466912,0.0057513466217265176
5,0.5689866029018293,55,1.0302072592208973,0.9737556571772249,1.438112440373829,0.3156091768303091,0.9631204145282076,0.005838922439270612
5,0.8286427728546842,55,1.0365417988485734,0.9735943514867177,1.44450191801683,0.32189890596115067,0.9629678090919956,0.005992602933402149
5,1.2067926406393288,55,1.046878374367703,0.9733311513792847,1.4559123888654002,0.33186590657527987,0.9626901001766577,0.006243919343852188
5,1.7575106248547894,55,1.0633206572619103,0.9729124997166823,1.4751475761727686,0.346742693121846,0.9622157693772143,0.0066254973053644734
5,2.559547922699533,55,1.0889542445586895,0.9722598317581301,1.5061544755917669,0.36758534460642467,0.9614433806031968,0.007162233724941405
5,3.727593720314938,55,1.1280970966835338,0.97126319122915,1.5541414145091061,0.39495298639580945,0.9602381662110748,0.007861875213577982
5,5.428675439323859,55,1.1863523000970535,0.9697798794301825,1.6253983253904896,0.42862972645887015,0.9584363031112908,0.008709106555631225
5,7.9060432109076855,55,1.2704785525366133,0.9676377306755265,1.7269393604253487,0.46751761391466357,0.9558540080484518,0.009665381164432416
5,11.513953993264458,55,1.3883362490103264,0.9646364254517584,1.8664167513929357,0.5098042810151989,0.952290279263797,0.010673788644915186
5,16.768329368110066,55,1.5493011332613538,0.9605368780052741,2.052840485387592,0.5533723597462227,0.9475097415648357,0.011665623144028225
5,24.420530945486497,55,1.7654162378239255,0.9550318768319587,2.2983255936611924,0.5962207293297221,0.941199449913803,0.012562962292422547
5,35.564803062231285,55,2.052938926823974,0.947706757106906,2.6202249782332925,0.6367830481715495,0.9329153027038644,0.0132753282527385
5,51.79474679231202,55,2.4328208473743245,0.9380272789026923,3.0417092908909367,0.6746896344321758,0.9220675919491204,0.013703249784372994
5,75.43120063354607,55,2.928083216091326,0.92540653339983,3.5884029610840678,0.7128994215551762,0.9080077449918438,0.013771379441977925
5,109.85411419875572,55,3.557817131286973,0.9093578246437692,4.281037633265863,0.7607388110219763,0.8902177156734373,0.01349381477781735
5,159.98587196060572,55,4.3316447861953735,0.8896359541353022,5.1288428835366755,0.8345276672993699,0.8684797732664007,0.013037014363053854
5,232.99518105153672,55,5.251073434701638,0.8662030315678833,6.1308537959977105,0.9524751277827782,0.8428402541380308,0.012739973450850072
5,339.3221771895323,55,6.320669241863067,0.8389440006438257,7.287756798035341,1.1270116964751629,0.8132991780133801,0.013065167602932155
5,494.1713361323828,55,7.563479339663553,0.807273687867877,8.617581293784209,1.361661370777976,0.7793991979163384,0.014417416303399532
5,719.6856730011514,55,9.029135135717624,0.7699301645381554,10.163055012954715,1.6522024595688778,0.7400291693775624,0.016850878656053166
5,1048.1131341546852,55,10.785498140836129,0.7251871673148296,11.982346909322066,1.987204483064447,0.6936575588317575,0.019948294426238092
5,1526.4179671752302,55,12.89381626534749,0.6714859551790149,14.12500715143195,2.348171655241362,0.6389538577754693,0.02299465736225324
5,2222.996482526191,55,15.376910487494124,0.6082441839085784,16.60357915791883,2.712876490889109,0.5755332454873233,0.0252683815211453
5,3237.45754281764,55,18.194303775924297,0.5364888137262465,19.373262149665027,3.061748140273657,0.5045023227961581,0.026311102646155597
5,4714.8663634573895,55,21.235192582710347,0.45903673529248623,22.32740481334248,3.382395691436209,0.42859192217091946,0.026063818134142443
5,6866.488450042998,55,24.333359904945493,0.38011784393638093,25.31121380488552,3.6689764330553776,0.35180440998834506,0.024809149145469157
5,10000.0,55,27.30177915304926,0.3044954640001345,28.15253088614685,3.9188848961095424,0.27860756776315804,0.02299615159297903
6,0.0001,83,0.410531545432648,0.9895339714357956,0.611912307919965,0.0751315084473688,0.9841414923254177,0.0021158350056362874
6,0.00014563484775012445,83,0.4105315485793738,0.9895339713557687,0.6119122643129096,0.07513259655208272,0.9841414992418771,0.0021158088069169597
6,0.00021209508879201905,83,0.4105315552511489,0.9895339711860937,0.6119122035958177,0.07513418068620153,0.984141509240245,0.0021157706621220463
6,0.00030888435964774815,83,0.41053156939463475,0.9895339708263998,0.6119121210830041,0.07513648662372031,0.9841415236436714,0.00211571513050633
6,0.0004498432668969444,83,0.41053159937060446,0.9895339700640575,0.6119120134402227,0.07513984251255121,0.9841415442860504,0.00211563430056348
6,0.0006551285568595509,83,0.4105316628813302,0.9895339684488654,0.6119118831916321,0.07514472485900757,0.9841415736413396,0.0021155166760279086
6,0.0009540954763499944,83,0.410531797378464,0.9895339650283581,0.6119117495994153,0.07515182468223884,0.9841416148967722,0.0021153455685712667
6,0.0013894954943731374,83,0.4105320820059718,0.9895339577897525,0.6119116735692428,0.07516214214489934,0.9841416718177687,0.0021150967887485638
6,0.0020235896477251557,83,0.41053268373652774,0.9895339424865982,0.6119118128552499,0.07517712078173677,0.9841417480460546,0.002114735349886322
6,0.0029470517025518097,83,0.41053395399256526,0.989533910181477,0.6119125417517133,0.07519883551954976,0.984141845028945,0.0021142108072473163
6,0.004291934260128779,83,0.4105366298328656,0.9895338421292944,0.6119147061355222,0.07523025110438873,0.9841419568488556,0.002113450760071237
6,0.0062505519252739694,83,0.41054224938029593,0.989533699211681,0.6119201583076774,0.07527556711493483,0.9841420583297639,0.002112351985303241
6,0.009102981779915217,83,0.41055399929825187,0.9895334003825578,0.6119328594529047,0.07534065781259429,0.9841420790710819,0.0021107687392783667
6,0.013257113655901081,83,0.4105784135867527,0.9895327794600121,0.6119611048891137,0.07543359121569335,0.9841418490575427,0.0021084981454472635
6,0.019306977288832496,83,0.41062869373055594,0.9895315006754444,0.6120218928252633,0.0755651593965328,0.9841409892277466,0.002105263635747516
6,0.02811768697974228,83,0.4107309654942878,0.9895288995143201,0.6121491806418967,0.07574925969536317,0.9841387012175138,0.0021006997264396894
6,0.040949150623804234,83,0.4109354701568485,0.9895236980025285,0.6124086768632433,0.0760028466394026,0.9841333863380293,0.0020943458824769215
6,0.05963623316594643,83,0.41133514555221334,0.9895135319056505,0.6129224219345814,0.07634512184565524,0.984122007204971,0.002085665115620502
6,0.08685113737513521,83,0.4120933774292288,0.9894942443823925,0.6139055226240122,0.0767959258853871,0.9840991277044623,0.0020741163112239255
6,0.12648552168552957,83,0.4134796388492849,0.9894589784118668,0.6157133914280788,0.0773744881749893,0.9840556715223976,0.002059332706354612
6,0.18420699693267145,83,0.4159062176319394,0.9893972405909196,0.6188906484984701,0.07810237584142897,0.9839776289669336,0.00204150290267634
6,0.2682695795279725,83,0.4199549281367464,0.9892942185532834,0.6242071832492461,0.0790183919848125,0.9838450939109482,0.00202212720405661
6,0.3906939937054613,83,0.4263861225807214,0.9891305479140758,0.6326707566811498,0.08021554272434103,0.9836319164911052,0.0020054012487878844
6,0.5689866029018293,83,0.43613451512951534,0.9888824151505806,0.6455198339597491,0.08190472581582002,0.9833058862531546,0.0020003763588964086
6,0.8286427728546842,83,0.4503082498546885,0.9885215796867068,0.6642146144444054,0.08448907794981074,0.9828289877941468,0.002023341267651079
6,1.2067926406393288,83,0.47021126835387567,0.9880148049221231,0.6904503030085106,0.08859727604646914,0.9821571089631,0.0020983133070754906
6,1.7575106248547894,83,0.4973997011160621,0.987322424214006,0.7262043976425682,0.09499758253628136,0.9812388742486648,0.00225245602809889
6,2.559547922699533,83,0.5337507968202366,0.9863965879004841,0.7737797960229436,0.10435342340288327,0.9800145214469831,0.0025061254391645664
6,3.727593720314938,83,0.5814945494205523,0.9851804598823989,0.8357647341229868,0.11691300344346062,0.9784167928250795,0.002863776862654104
6,5.428675439323859,83,0.6432120499922226,0.9836082623228848,0.9149187173429464,0.1323258706725273,0.9763736171801078,0.003312914426187476
6,7.9060432109076855,83,0.7219215544741394,0.9816030866808108,1.0141695788406826,0.14969562076047344,0.9738079183876222,0.0038308227618358707
6,11.513953993264458,83,0.8213749249466071,0.9790693298513444,1.1369127068180975,0.16782859679738096,0.9706298579254632,0.00439391016188505
6,16.768329368110066,83,0.9465302388864867,0.9758805984726628,1.287593843341364,0.185602764450769,0.9667223553043799,0.004985397560151694
6,24.420530945486497,83,1.1041076963066878,0.9718654567575384,1.472475716428054,0.20237291022709292,0.9619226787432753,0.0055977180195893915
6,35.564803062231285,83,1.3032563033574596,0.9667903894810598,1.700616915045605,0.21827236905418176,0.9559990118909537,0.006226105391510042
6,51.79474679231202,83,1.5562931097439585,0.9603410368371657,1.9849623700808248,0.23434655036489585,0.9486235413373463,0.006855294379801442
6,75.43120063354607,83,1.879192428120771,0.9521099311145583,2.3430682498786606,0.2528093338599178,0.939353172449993,0.007451732190728954
6,109.85411419875572,83,2.2916033597600345,0.9415962572500394,2.7971279721259767,0.27793674789486716,0.9276263788318329,0.007975578046315173
6,159.98587196060572,83,2.8165957320677153,0.9282123151026319,3.3735017651012393,0.317298169306535,0.9127730452771863,0.008409544372558414
6,232.99518105153672,83,3.4801334253318275,0.9112966411846193,4.101709684772855,0.38158350044974504,0.894041324466315,0.008781494541468225
6,339.3221771895323,83,4.309942744225926,0.8901425948448074,5.012410716641204,0.4820774706809186,0.8706539909524,0.009160571789609835
6,494.1713361323828,83,5.33485464819552,0.8640154235394416,6.135436254447038,0.6282513195053795,0.8418622513479928,0.009639254463438905
6,719.6856730011514,83,6.587640587319269,0.8320808913487341,7.501160777573683,0.8277741922023454,0.8069068827141335,0.0103505221807334
6,1048.1131341546852,83,8.112174506084338,0.7932236020796336,9.146381083845634,1.0867317112608297,0.764855753124704,0.011508264152380397
6,1526.4179671752302,83,9.968324239018639,0.7459223049805856,11.1184939080438,1.4069658013345876,0.7144830843892711,0.013299335431182892
6,2222.996482526191,83,12.22144689569594,0.6885162487562532,13.465644607862966,1.781657512775278,0.6545160787518821,0.015596330215732932
6,3237.45754281764,83,14.907552001764312,0.6200905792566124,16.205071824872068,2.193481612485101,0.5844556743475373,0.01786867750603332
6,4714.8663634573895,83,17.985343183187535,0.5416963230115106,19.281084197536167,2.6177325428448865,0.5056771471804252,0.019469807185370922
6,6866.488450042998,83,21.3092855768206,0.4570365780724542,22.544468652759107,3.0285258458662097,0.42198215001989337,0.020009574022254836
6,10000.0,83,24.654093526752643,0.3718449472704818,25.7795514022051,3.404418793077565,0.33891313007644974,0.019530213477945167
7,0.0001,119,0.20359173691110205,0.9948130973741762,0.35028645262132585,0.08711067481388382,0.9910303477383836,0.0016231455226948994
7,0.00014563484775012445,119,0.20359179909159592,0.9948130957855115,0.350287860924933,0.08711208319463938,0.9910302975781751,0.0016232430086671181
7,0.00021209508879201905,119,0.20359193039309714,0.9948130924308536,0.3502899508778239,0.08711413950697787,0.9910302235798802,0.0016233848437276193
7,0.00030888435964774815,119,0.2035922070995869,0.9948130853611941,0.3502930761942949,0.08711714528114144,0.9910301138292329,0.001623591114136727
7,0.0004498432668969444,119,0.20359278855569976,0.9948130705053606,0.3502977976895042,0.08712154619795223,0.9910299498674778,0.0016238909075160664
7,0.0006551285568595509,119,0.203594005329629,0.9948130394174688,0.3503050247631328,0.0871280051916167,0.9910297025706146,0.001624326247411438
7,0.0009540954763499944,119,0.2035965364564945,0.9948129747483284,0.3503162658876955,0.08713751706163132,0.9910293250844955,0.0016249576522242965
7,0.0013894954943731374,119,0.2036017571590091,0.994812841361002,0.35033407254020865,0.08715159250559966,0.9910287406615289,0.0016258719109826648
7,0.0020235896477251557,119,0.2036123970886317,0.9948125695121046,0.3503628131620419,0.08717256179592078,0.9910278219888555,0.0016271928465982674
7,0.0029470517025518097,119,0.20363372295299972,0.9948120246339629,0.3504099701270803,0.0872040902062797,0.9910263573316372,0.001629096105076099
7,0.004291934260128779,119,0.20367550602542192,0.994810957061523,0.35048816563545226,0.08725207477167408,0.9910239988327403,0.0016318295369404025
7,0.0062505519252739694,119,0.20375494125720786,0.9948089274475272,0.35061799580474373,0.08732622880037473,0.9910201921427948,0.0016357419338102965
7,0.009102981779915217,119,0.20390028334568644,0.9948052138819026,0.35083143091096025,0.08744287971934309,0.991014095571925,0.0016413254050129194
7,0.013257113655901081,119,0.20415426769100448,0.9947987246047951,0.35117537568377816,0.08762979140929272,0.9910045017525944,0.0016492807898457955
7,0.019306977288832496,119,0.20457611402006873,0.9947879472215526,0.35171625250093214,0.08793401108126622,0.9909897417180773,0.0016606188020258036
7,0.02811768697974228,119,0.20524260483492524,0.9947709221817849,0.35255062367468676,0.08843329255678732,0.9909674417905702,0.0016768027266142599
7,0.040949150623804234,119,0.2062526819070678,0.9947451273412327,0.35383147926271413,0.08924941414363073,0.9909338793040806,0.0016999029388460477
7,0.05963623316594643,119,0.2077419675315862,0.9947071099272616,0.3558151620228671,0.09055662920719344,0.9908827943881471,0.00173265791389388
7,0.08685113737513521,119,0.20990757239207064,0.9946518560981049,0.3589128908850331,0.09257267369758089,0.9908040473551383,0.0017782652711732406
7,0.12648552168552957,119,0.21303207468665747,0.9945721810423306,0.36370857191262773,0.0955211136773,0.9906830855842006,0.0018397754088381305
7,0.18420699693267145,119,0.2174904601044505,0.9944585524236202,0.3709109199074513,0.09956894288089727,0.990502043931629,0.0019191771234785251
7,0.2682695795279725,119,0.22373096347386295,0.9942995772021842,0.38124784174178483,0.1047639973298422,0.9902423154796599,0.0020164975479652404
7,0.3906939937054613,119,0.23223517364804688,0.9940830145141994,0.39535300648248173,0.11100420192661657,0.989887371385473,0.0021293317361034555
7,0.5689866029018293,119,0.24347787134230012,0.9937967938016122,0.41370431108175526,0.11805802869471538,0.9894243294745172,0.0022531937234824533
7,0.8286427728546842,119,0.257912709743702,0.9934293744348384,0.4366407529296771,0.12563408193826697,0.9888435763229257,0.0023829306156601567
7,1.2067926406393288,119,0.2759940097698051,0.9929691849923337,0.46442922178421203,0.13348106921204786,0.9881371581780425,0.002515067434299788
7,1.7575106248547894,119,0.2982164799935899,0.9924036052262784,0.4973262416433425,0.1414905367553174,0.9872973752576264,0.0026504356028047723
7,2.559547922699533,119,0.32514656511127465,0.991718164962823,0.5356195984032944,0.14977054823564256,0.986315970155695,0.002796092387100057
7,3.727593720314938,119,0.35745690010592124,0.9908956751412642,0.5797208520437002,0.15866357010565338,0.9851819762317751,0.002965689853692411
7,5.428675439323859,119,0.3960425628595368,0.9899132862469395,0.6304317923314023,0.16869907449214092,0.9838748737274565,0.0031779789560572834
7,7.9060432109076855,119,0.44232625825510075,0.9887347307261948,0.6894410029001383,0.18048533188675175,0.9823515194527142,0.0034533793639911375
7,11.513953993264458,119,0.498778946367637,0.9872970550656965,0.7599351912858255,0.1945488525480058,0.9805299559299849,0.0038085860982266374
7,16.768329368110066,119,0.5695110313231322,0.9854955259427067,0.8470657934948178,0.21114376767868442,0.978277066240906,0.004250082476203355
7,24.420530945486497,119,0.6606883937965968,0.9831729836171863,0.9580593047247611,0.23007903338850882,0.9754057628436413,0.004768584886477891
7,35.564803062231285,119,0.7807187352011625,0.9801150594577838,1.1021201336821984,0.25062049471696096,0.9716779503568752,0.0053357974567307944
7,51.79474679231202,119,0.9406081392175505,0.9760410970240996,1.2907932947560001,0.27150293410593407,0.9667959387732556,0.005902720656244986
7,75.43120063354607,119,1.1550648972121373,0.970576077722129,1.5394705659191565,0.2911083798153051,0.9603643714728995,0.006398600596257967
7,109.85411419875572,119,1.4441662962696669,0.9632081994239596,1.8695918581187745,0.3081569708087528,0.9518339099180647,0.006735794258351388
7,159.98587196060572,119,1.833961635680008,0.953273477468309,2.30938440514604,0.32378103020847454,0.9404823993126934,0.006835174116560101
7,232.99518105153672,119,2.3539751667025817,0.9400192366613147,2.8908090014196737,0.34544086873220486,0.9254943352030223,0.006680625739363919
7,339.3221771895323,119,3.0319979408978632,0.9227367315340833,3.643456660363099,0.38965360440697,0.906120105363093,0.006373830474380476
7,494.1713361323828,119,3.8906540646324146,0.9008488530765014,4.590531326903596,0.4767150336623623,0.8817817167904428,0.006120898723612152
7,719.6856730011514,119,4.950967734676969,0.8738198347443452,5.7521759035693165,0.620614557011345,0.851986697367081,0.006141907760400425
7,1048.1131341546852,119,6.242233271506919,0.8409045132298324,7.154667965351246,0.8281441825644398,0.8160853139225243,0.006664450751235815
7,1526.4179671752302,119,7.809683829322249,0.8009534676396513,8.836539339972063,1.1028525862550695,0.7731011781421634,0.008001399508604005
7,2222.996482526191,119,9.71008759491068,0.7525250689891697,10.842789985959591,1.4426969960427278,0.7218664475339078,0.010311016812519948
7,3237.45754281764,119,11.991996309724023,0.694387264137209,13.205985895434438,1.8348149426454314,0.661501506788629,0.013258504582328107
7,4714.8663634573895,119,14.666459611627493,0.6262610435253025,15.921109065353642,2.2556609739412767,0.5920714375852812,0.016159008796322715
7,6866.488450042998,119,17.680464924564575,0.5494949868043998,18.924800643386643,2.6778192703602586,0.5151441837678853,0.018362474929649156
7,10000.0,119,20.90708555338218,0.4673168175184476,22.089650193331643,3.077627359247583,0.43396131621726697,0.019521668159348228
8,0.0001,164,0.1483783324633569,0.9962179139929898,0.30308703258950376,0.07447371004186802,0.9922012427154538,0.0016889848018331512
8,0.00014563484775012445,164,0.14837854532379507,0.9962179085686639,0.30298365386384235,0.07441679828238654,0.9922037784333201,0.001688331930846721
8,0.00021209508879201905,164,0.14837899185884543,0.99621789718984,0.3028346825277589,0.07433443438693071,0.9922074321761227,0.0016873833672020702
8,0.00030888435964774815,164,0.14837992408322942,0.9962178734351467,0.3026210146274065,0.0742155653497196,0.9922126720860989,0.0016860067060356348
8,0.0004498432668969444,164,0.1483818570274459,0.996217824182448,0.3023165914416008,0.07404468407756867,0.9922201363569838,0.0016840119905708944
8,0.0006551285568595509,164,0.14838582685449564,0.9962177230345974,0.3018869284388569,0.07380038152140275,0.9922306687344967,0.0016811287033017927
8,0.0009540954763499944,164,0.1483938736863144,0.9962175180247973,0.3012883971302209,0.0734537559417696,0.9922453349751571,0.001676975905878312
8,0.0013894954943731374,164,0.1484098997003302,0.9962171097734135,0.30046943617999483,0.07296697165356086,0.9922653909159502,0.0016710262944633714
8,0.0020235896477251557,164,0.14844109280554393,0.9962163152635488,0.29937536887352934,0.07229249539667155,0.9922921602182319,0.0016625688399975634
8,0.0029470517025518097,164,0.14850008518258787,0.9962148129460772,0.2979584596761421,0.07137373614637361,0.9923267806474888,0.0016506822229623635
8,0.004291934260128779,164,0.148607867550875,0.9962120686537336,0.29619344718798696,0.07014781422360428,0.9923698121863183,0.00163424260095188
8,0.0062505519252739694,164,0.14879716247344205,0.9962072498188075,0.2940956731124711,0.06855098681280655,0.9924207787729618,0.0016120006351394984
8,0.009102981779915217,164,0.1491154903913644,0.9961991472911006,0.29173541681584864,0.06652738342934077,0.9924778074912819,0.001582764859496119
8,0.013257113655901081,164,0.14962664749450721,0.9961861370399021,0.28924139281186967,0.06404288560221935,0.992537554648691,0.0015457098191246597
8,0.019306977288832496,164,0.15040917420305805,0.9961662178610109,0.286791262613021,0.06110711571498097,0.9925954914130479,0.0015007785664597787
8,0.02811768697974228,164,0.15155145462350011,0.9961371349838812,0.2845958330459714,0.057803086997571494,0.992646382625139,0.0014490650266556727
8,0.040949150623804234,164,0.15314530395728831,0.9960965436660576,0.28288890377125225,0.054313274337662136,0.9926846127595088,0.0013929746364460117
8,0.05963623316594643,164,0.15528094251710342,0.9960421395994816,0.28192738437236264,0.050920603372131536,0.9927041644860679,0.0013359936964365642
8,0.08685113737513521,164,0.1580441850537781,0.9959717337595262,0.2819875141058631,0.047966762991167755,0.992698565402151,0.0012821384620553922
8,0.12648552168552957,164,0.16151401901291595,0.9958833158339455,0.2833329032817231,0.04576908890287848,0.9926614693342447,0.0012353823915228677
8,0.18420699693267145,164,0.16575995580747974,0.9957751202368804,0.28615253822928266,0.044520951070013706,0.9925880502381382,0.0011991994681785762
8,0.2682695795279725,164,0.1708436503634818,0.9956455803363852,0.2905133960936201,0.044226571409789084,0.992476207207399,0.0011760261509284598
8,0.3906939937054613,164,0.17683330826619184,0.9954929566768798,0.2963907847651296,0.044731524513633956,0.9923260049180763,0.0011667250956167862
8,0.5689866029018293,164,0.18383723298002538,0.9953144822295362,0.3037908281101858,0.04585214140903097,0.9921368466580649,0.001170724184090306
8,0.8286427728546842,164,0.19205276589840664,0.9951051228350005,0.3129017900476665,0.04750475343168948,0.9919037734743567,0.0011869845175267071
8,1.2067926406393288,164,0.20181465515834301,0.994856356299308,0.3241847958003302,0.049721280756259915,0.991615044813566,0.0012148501520758798
8,1.7575106248547894,164,0.21362759292933883,0.9945553513248309,0.3383686814206628,0.05253879054366337,0.9912519563534815,0.0012539795945044833
8,2.559547922699533,164,0.22818741516151625,0.9941844240531188,0.35639801104513164,0.055858233794582,0.990789826216534,0.0013037246784682716
8,3.727593720314938,164,0.24641853185825452,0.9937200663588532,0.3794317299113989,0.05939988086603901,0.9901978727941534,0.0013632366232680928
8,5.428675439323859,164,0.26956887437559096,0.9931305011018885,0.40898157694475773,0.06281537871759911,0.9894358220525531,0.0014334452181640708
8,7.9060432109076855,164,0.2994059188708003,0.9923706736295566,0.4472202137218101,0.06588482151158792,0.9884463497711689,0.0015204258287430266
8,11.513953993264458,164,0.3385229167939946,0.9913744612234847,0.4973798978629679,0.06864817708100927,0.9871450507273096,0.0016377268109113619
8,16.768329368110066,164,0.390673516420433,0.9900461717529037,0.5640484907449707,0.07137674346423857,0.985412680049101,0.0018052397018689346
8,24.420530945486497,164,0.46097985792482843,0.9882552455591596,0.6531702697178561,0.0744159879509176,0.9830948059123319,0.0020444302025683057
8,35.564803062231285,164,0.5559386226239018,0.9858360703054446,0.7717634795469343,0.07804168222389687,0.9800089990155604,0.0023731866186325816
8,51.79474679231202,164,0.6834123846977982,0.9825881569844425,0.9277210882393876,0.08259779670816549,0.9759503763969428,0.0028058519211817258
8,75.43120063354607,164,0.8530714928172438,0.9782648547412005,1.130344098315272,0.08919786369679,0.9706786312646122,0.0033600387429461717
8,109.85411419875572,164,1.0776919842696704,0.9725402814333822,1.392068651301532,0.10080149995389252,0.9638742333921917,0.0040643355338825056
8,159.98587196060572,164,1.3750256787024908,0.964961685792991,1.7309127725100635,0.12244986119550637,0.9550755669573746,0.004959779947989444
8,232.99518105153672,164,1.7690171095425,0.9549184337096929,2.1720909775621404,0.15931892881110427,0.943636969353282,0.006089259247836483
8,339.3221771895323,164,2.2890577863634034,0.9416609578494928,2.747363284301122,0.2141495472663452,0.9287456219729234,0.0074662416072253926
8,494.1713361323828,164,2.967320553041992,0.9243686131733811,3.492313532783965,0.28706335664195426,0.9094940913753937,0.009023364181869368
8,719.6856730011514,164,3.8361715289370784,0.9022157288071119,4.443521862084192,0.3783534116164448,0.8849581961155689,0.010571339599295225
8,1048.1131341546852,164,4.928648542192297,0.8743599783579281,5.638054245670652,0.4939521655743404,0.8542139681257905,0.011820505700410015
8,1526.4179671752302,164,6.28334990603958,0.8398188638732285,7.11597636782395,0.6509089462766386,0.8162691200954975,0.012507767153317886
8,2222.996482526191,164,7.950304617153826,0.7973211857105682,8.922729497750414,0.8746336547322708,0.7699874338557601,0.012625187978946016
8,3237.45754281764,164,9.989228136648979,0.7453515965139353,11.10451264274568,1.1837077607117723,0.7141876501590472,0.01261812886130044
8,4714.8663634573895,164,12.450794475725,0.6826261038301032,13.689949381220831,1.575061236995724,0.6481021569296421,0.013174081437803912
8,6866.488450042998,164,15.339732259335644,0.609028999034102,16.658577641440623,2.02316260775377,0.5721936149930229,0.014453130731320771
8,10000.0,164,18.576177644364552,0.5265944220051034,19.91128957040822,2.490700162803881,0.4889405731855181,0.015830039701369036
9,0.0001,219,0.12684173214117894,0.9967664118848909,0.39906754786545007,0.06252933278307127,0.9896668959815307,0.0015996961897172782
9,0.00014563484775012445,219,0.12685564650606387,0.9967660568122987,0.39715761087901136,0.06220739475071912,0.9897167402531556,0.0015910258779589035
9,0.00021209508879201905,219,0.12688112873512974,0.9967654067156262,0.3946202308776907,0.06182584198445972,0.989783005374203,0.001580267163812979
9,0.00030888435964774815,219,0.12692571832425287,0.9967642695857091,0.3913427298202564,0.06140955887698805,0.9898686763047845,0.001567577349288284
9,0.0004498432668969444,219,0.1269998848982677,0.9967623791799733,0.3872404602998321,0.061005687367751,0.9899760222323287,0.0015534542882127296
9,0.0006551285568595509,219,0.1271170904190398,0.9967593938565834,0.3822711800105834,0.060679293806643865,0.9901062073762574,0.0015386944555985916
9,0.0009540954763499944,219,0.1272939668766556,0.9967548924269506,0.37643970937535254,0.06049894793107499,0.9902591383289179,0.001524275214551102
9,0.0013894954943731374,219,0.1275510384964192,0.9967483556826929,0.3697969887701428,0.060516356430392375,0.9904334476956246,0.0015112587125189207
9,0.0020235896477251557,219,0.12791330800775308,0.9967391505081766,0.3624434270492987,0.060747138891348064,0.9906263782681967,0.0015007181151466646
9,0.0029470517025518097,219,0.12840886171166357,0.9967265636028643,0.3545377987405805,0.06115776832165043,0.9908335625650604,0.0014935030604586992
9,0.004291934260128779,219,0.12906474428496634,0.9967099046757204,0.3462991510942416,0.06166353024193991,0.9910490393290093,0.0014897265381869163
9,0.0062505519252739694,219,0.12990245071872533,0.9966886206723474,0.3379905215404146,0.06214465711904823,0.9912657858016762,0.0014882389915240066
9,0.009102981779915217,219,0.13093677030874928,0.9966623269704862,0.3298883297895542,0.062480425262353013,0.9914766186537612,0.0014865749452537965
9,0.013257113655901081,219,0.13217937397397841,0.9966307197272879,0.32224870931729244,0.06258439977837685,0.9916751047967809,0.0014815377925434185
9,0.019306977288832496,219,0.13364511704856005,0.9965934189196188,0.31527761863692055,0.06242079276450662,0.9918562655556823,0.0014701119203923692
9,0.02811768697974228,219,0.1353574575005506,0.9965498313767849,0.30911043288210427,0.061999969384373806,0.9920169567092054,0.0014503082706245256
9,0.040949150623804234,219,0.13734947083643104,0.9964991226371062,0.3038082550115141,0.06136675670167968,0.9921558173821013,0.0014217517014390745
9,0.05963623316594643,219,0.1396586892217647,0.9964403439638131,0.29937153645352826,0.06059239465000487,0.9922728442237542,0.0013859325194447354
9,0.08685113737513521,219,0.14231873639574802,0.9963726410688004,0.29576608043352265,0.05977324203062487,0.9923687485612698,0.0013460899355073087
9,0.12648552168552957,219,0.14535553264126225,0.9962953486623602,0.29296097603895055,0.059036905087130616,0.9924440923149758,0.0013068133934055518
9,0.18420699693267145,219,0.14879383486949155,0.9962078246961651,0.290976303745467,0.05855064152003258,0.9924982014972998,0.001273481303203805
9,0.2682695795279725,219,0.15267147335024145,0.9961090903796566,0.2899243750356427,0.05851990733808275,0.9925282125655912,0.0012515319219602013
9,0.3906939937054613,219,0.15705470384548909,0.9959974426422802,0.29002591518357346,0.059171651424356986,0.9925286979797907,0.001245637667832403
9,0.5689866029018293,219,0.16205444997626195,0.9958700455959582,0.2916029734781652,0.060730650704847594,0.9924918128017108,0.001259213894176366
9,0.8286427728546842,219,0.1678488718124792,0.9957223626695576,0.2950666214230126,0.06339675082836978,0.9924074874548111,0.0012946616091868255
9,1.2067926406393288,219,0.1747101128451775,0.9955474805561177,0.30090608051124373,0.06731650700403208,0.9922635111693193,0.001353936364887933
9,1.7575106248547894,219,0.18302140160523495,0.9953356723032893,0.30966597066489887,0.07253574803150256,0.9920459048182165,0.001438351293602233
9,2.559547922699533,219,0.19327585189517715,0.9950744193026069,0.32190689763603675,0.0789399735004215,0.9917397777664767,0.0015471743202120846
9,3.727593720314938,219,0.20607094038189225,0.9947485400527747,0.3381831668171376,0.08622799436656879,0.9913298693064382,0.001676227550005909
9,5.428675439323859,219,0.22213241051329785,0.994339570991262,0.35910207901946567,0.09396830293485128,0.990799168755592,0.001818292520745404
9,7.9060432109076855,219,0.24240461862097878,0.9938234605980526,0.3855168638357306,0.10172110713068258,0.9901242395142663,0.0019654408928751767
9,11.513953993264458,219,0.2682333688189352,0.9931659161577373,0.4188540098736705,0.10913633372518063,0.9892670567119056,0.0021114596480347144
9,16.768329368110066,219,0.3016543581688756,0.9923150659035864,0.46153191809660815,0.11596218442813103,0.9881642727113469,0.002253115085879785
9,24.420530945486497,219,0.3457934822711226,0.9911912628458944,0.5174188205599596,0.12199841632277997,0.9867152375157955,0.0023910802658367574
9,35.564803062231285,219,0.40535893427372416,0.989674523686789,0.5922592215766856,0.12706966640720305,0.9847708212079006,0.002531429033324455
9,51.79474679231202,219,0.487150588685182,0.9875915035653227,0.693973543473564,0.13101906546789582,0.9821257539158628,0.0026860186059564457
9,75.43120063354607,219,0.6005595466914537,0.9847027321839683,0.8328914857117088,0.13363922925777266,0.9785129427356143,0.0028686134376993623
9,109.85411419875572,219,0.758298176626961,0.9806840231568819,1.0223856798932534,0.13454079528891782,0.9735875064424618,0.003087905263318053
9,159.98587196060572,219,0.9777392785890046,0.9750923899656516,1.2804634069620913,0.13331040055071736,0.9668859887335914,0.003347391209624021
9,232.99518105153672,219,1.282547943852505,0.9673244539895343,1.6318426770073606,0.130944039814698,0.9577731500037615,0.003664638008824601
9,339.3221771895323,219,1.7029395746567642,0.9566097581923634,2.108399312253045,0.13389861564173294,0.9454312949092335,0.004102298029968922
9,494.1713361323828,219,2.272794167870681,0.9420841563997857,2.746002662756257,0.1577278951609677,0.9289437798889978,0.004753483570456695
9,719.6856730011514,219,3.0246904694777257,0.9229163788769231,3.579140828565323,0.21814435081547298,0.9074366798336758,0.0056279981288971425
9,1048.1131341546852,219,3.9875071373391675,0.8983695668153995,4.638271018559913,0.3211810736116889,0.8801499680163539,0.006545263377317847
9,1526.4179671752302,219,5.190158279303084,0.8677068876420396,5.952903564243296,0.4724692936207665,0.8463573582375549,0.007195866917898983
9,2222.996482526191,219,6.668302279382848,0.8300215433030937,7.556384533677786,0.6838477266377186,0.8052353559535416,0.007371419527156685
9,3237.45754281764,219,8.465726410603418,0.7842021582283897,9.484537226462818,0.967714566400629,0.7558832097792344,0.007298104412475016
9,4714.8663634573895,219,10.624591925253714,0.7291809625416132,11.764661956700351,1.3261904211133246,0.6975899226632152,0.007805559809269306
9,6866.488450042998,219,13.165451737557856,0.6644407635533527,14.398076098448735,1.7448830280300465,0.630277970637492,0.009522702037883074
9,10000.0,219,16.063158710441733,0.5906253813381802,17.341910950573894,2.19619700335665,0.5549846557595626,0.011949339980184031
10,0.0001,285,0.10777798044246652,0.9972521576480607,0.5716460213577123,0.12985877627682602,0.9851007350191878,0.003967507753926417
10,0.00014563484775012445,285,0.1079358923480006,0.9972481373605906,0.5622668902612997,0.12746007900530645,0.9853567484323074,0.0038361849282196056
10,0.00021209508879201905,285,0.10816243714764735,0.997242370952325,0.55126317717096,0.124981092423352,0.9856572061400349,0.0036896112547599755
10,0.00030888435964774815,285,0.10847405623386049,0.9972344405200568,0.538741852850837,0.12250248984427287,0.9859990122082586,0.0035318409373955246
10,0.0004498432668969444,285,0.10888918255116894,0.9972238774849302,0.5249017387337154,0.12003047935180672,0.9863764615475776,0.0033662701016818754
10,0.0006551285568595509,285,0.10942886532374303,0.9972101469142853,0.5099748807011435,0.11745393993172781,0.9867827354601703,0.003194271526153674
10,0.0009540954763499944,285,0.1101165481158964,0.9971926535555264,0.4941439480187898,0.11452848124163564,0.9872119990484147,0.0030145894522360522
10,0.0013894954943731374,285,0.11097705063413055,0.9971707677935214,0.4774858708340391,0.11091358974760315,0.9876608860538478,0.0028240077345404978
10,0.0020235896477251557,285,0.11203474269564957,0.9971438712656043,0.4599878587704521,0.1062825106379391,0.9881282813556875,0.002619585290467858
10,0.0029470517025518097,285,0.1133103720740772,0.9971114358534396,0.44163742568621184,0.10048913052180443,0.9886133588407489,0.002402187016650433
10,0.004291934260128779,285,0.11481647267328646,0.997073138792603,0.4225368003514841,0.09371270868361102,0.9891129918528948,0.0021797015963628988
10,0.0062505519252739694,285,0.11655289682664186,0.9970289759723547,0.4029752644176581,0.0864658799290712,0.9896200280781107,0.0019671263474758632
10,0.009102981779915217,285,0.11850479652142801,0.9969793152054448,0.3834195850548804,0.07941723526760394,0.9901233691038526,0.001781766904107585
10,0.013257113655901081,285,0.12064413132732228,0.9969248615509766,0.36443038480921974,0.07312545604147233,0.9906097781755113,0.0016356332395049396
10,0.019306977288832496,285,0.1229342625537729,0.9968665439242217,0.3465502396123985,0.06786457785968625,0.9910664422477924,0.0015304401701048762
10,0.02811768697974228,285,0.12533706267886688,0.9968053354992126,0.3302125502969536,0.06362967367121893,0.9914831295245037,0.0014588565161671163
10,0.040949150623804234,285,0.12782181561268274,0.9967420257942907,0.3156934037645957,0.06025166950117844,0.9918533494650978,0.0014098394108926588
10,0.05963623316594643,285,0.13037363972389215,0.9966770030376265,0.3031053272770562,0.05750812643102838,0.9921745087716891,0.0013732357539425713
10,0.08685113737513521,285,0.13299859741444547,0.9966101204184717,0.2924275105636813,0.05518784917869292,0.9924472058797138,0.0013414915968393017
10,0.12648552168552957,285,0.13572524073601736,0.9965406541757892,0.2835652285116932,0.053123491698538486,0.9926738301319205,0.0013094260422719748
10,0.18420699693267145,285,0.1386049104614983,0.9964672956736138,0.2764210320094789,0.05121330239699157,0.9928568389267204,0.0012738045801990647
10,0.2682695795279725,285,0.1417118408654791,0.9963881503370147,0.2709521677818678,0.04944191455034195,0.9929973091083498,0.0012336243278612304
10,0.3906939937054613,285,0.1451414806129397,0.9963007822522558,0.2671924731952097,0.0478939419459249,0.9930943413460834,0.0011907789510042475
10,0.5689866029018293,285,0.14900632915091622,0.9962023210478723,0.2652302459756452,0.04673800052138451,0.9931456023454606,0.0011500053109095062
10,0.8286427728546842,285,0.15343286607316742,0.9960895402818188,0.2651535748810444,0.046162132534119764,0.9931487396995891,0.0011173295733794021
10,1.2067926406393288,285,0.15856722767460227,0.9959587132101066,0.26700266854636145,0.046279453526524315,0.9931026259753344,0.0010974893372497716
10,1.7575106248547894,285,0.16459925343564233,0.9958050009814151,0.27078817657025955,0.04706740669331353,0.9930068857733436,0.0010919781690528036
10,2.559547922699533,285,0.17181172365762093,0.9956211996365063,0.27660615078794215,0.048391303725724644,0.9928589155159451,0.00109915322879696
10,3.727593720314938,285,0.1806504736262557,0.9953959564779679,0.28480458509811596,0.05007902288398304,0.9926495451106316,0.0011160358016765227
10,5.428675439323859,285,0.19179978794922165,0.9951118526631927,0.29611503543692613,0.05195395982292237,0.9923595437511326,0.0011398004222970771
10,7.9060432109076855,285,0.20625582304971565,0.9947435335246656,0.3117253331004702,0.05378435251819892,0.9919576234163813,0.0011675289525390732
10,11.513953993264458,285,0.22542277051147314,0.9942552535773338,0.3333805502535277,0.055208025926150345,0.9913978128969456,0.0011950108871296129
10,16.768329368110066,285,0.251286665861704,0.9935964399128379,0.36362839323809115,0.05571015161617638,0.9906132602641667,0.0012168241254474292
10,24.420530945486497,285,0.28671430402750825,0.9926940722878841,0.406217266434789,0.054658037682394446,0.9895060939624492,0.0012299666099594524
10,35.564803062231285,285,0.33586006506715893,0.9914423164164473,0.46649561493543945,0.05136554389804826,0.9879370372643173,0.0012436773992110645
10,51.79474679231202,285,0.4045781232594612,0.9896920055363324,0.5516066045267836,0.0452449656335385,0.9857201499539212,0.0012973759600225989
10,75.43120063354607,285,0.5007515221314915,0.9872422163050316,0.6704454269934447,0.036379591775447834,0.9826238598494387,0.0014749703498610003
10,109.85411419875572,285,0.6346615886680252,0.9838308129616037,0.8337232756996432,0.028428058489430492,0.978369591158424,0.0018803638877846896
10,159.98587196060572,285,0.8197811798065378,0.9791142086130202,1.0547631427807178,0.03571082758530585,0.972611728990417,0.002588033674115378
10,232.99518105153672,285,1.074233555475278,0.9726301638614142,1.3513247647683577,0.06531167415857392,0.9648910627491354,0.0036410671164933857
10,339.3221771895323,285,1.4223132129229608,0.9637589723690644,1.7476443275641955,0.11151778012698778,0.954582736690695,0.0050689649914297304
10,494.1713361323828,285,1.8945323874788993,0.951722189041684,2.274899959037104,0.171814718940274,0.9408852420980738,0.006873042624020419
10,719.6856730011514,285,2.5251068592546155,0.9356466522217979,2.969055942384218,0.2437727463930362,0.9228783855682947,0.008985372080667018
10,1048.1131341546852,285,3.348148956944455,0.9146616265541303,3.8675203613008393,0.3240257514526652,0.8996139766524209,0.011224039444938305
10,1526.4179671752302,285,4.396038208628274,0.8879408092209182,5.007642256430538,0.41185961360533063,0.8701596528278092,0.013273065490728467
10,2222.996482526191,285,5.702386898720155,0.854627702628451,6.428202184028436,0.5176814873425071,0.8335610908720138,0.014726226344663453
10,3237.45754281764,285,7.307394430311133,0.8137004082130069,8.170847419821133,0.6707163037838415,0.7887954301596822,0.015235605103702327
10,4714.8663634573895,285,9.258830571514306,0.7639474693221109,10.276018523695388,0.9089503465806742,0.734855763588335,0.014762854782368048
10,6866.488450042998,285,11.601079315945677,0.7042464700145572,12.769354193084325,1.2506751079918133,0.67107908165941,0.013806524758452636
10,10000.0,285,14.34900486455778,0.6342269866028705,15.63870276380278,1.6803025343451703,0.597730148459932,0.0132558577185274
11,0.0001,363,0.08706264451672915,0.9977799155020184,0.9665900188628926,0.2745199270867617,0.9750330177057581,0.006652893246709687
11,0.00014563484775012445,363,0.08817671979005295,0.9977515247464396,0.9251080856450647,0.2737773058969046,0.9761698779391352,0.006425511428592065
11,0.00021209508879201905,363,0.08951620998864158,0.9977173836866597,0.8802445520171129,0.2695521924838998,0.9773747347080868,0.006208995034315712
11,0.00030888435964774815,363,0.09107038069623168,0.9976777697555367,0.8331778032249847,0.2616267942994268,0.9786169842631581,0.0059795723232289955
11,0.0004498432668969444,363,0.09281789707300468,0.9976332318879052,0.7858446526653893,0.2510780155624203,0.9798518947530936,0.005727128408451883
11,0.0006551285568595509,363,0.09473042855806567,0.9975844967304587,0.7401658500479119,0.23913996135297602,0.9810367208086118,0.005447504413011953
11,0.0009540954763499944,363,0.09677683796397718,0.997532360478379,0.6973415408336369,0.22652302001529406,0.982145425098968,0.005138188452611849
11,0.0013894954943731374,363,0.09892734689703286,0.9974775826000988,0.6576090209643244,0.21338392835874834,0.9831735774721373,0.004799264011230692
11,0.0020235896477251557,363,0.10115711454178981,0.9974207953708378,0.6204385476532066,0.19951556804672627,0.9841339843695828,0.0044323927756160265
11,0.0029470517025518097,363,0.10344932353602261,0.9973624260130863,0.5849433502975676,0.1845864591717879,0.9850477377269907,0.004039271557612745
11,0.004291934260128779,363,0.10579782688014647,0.9973026299131273,0.5503141976467514,0.1684727539097119,0.9859344823570166,0.003624622862835826
11,0.0062505519252739694,363,0.10820803154365488,0.9972412688499928,0.5161508013424327,0.1515620247472079,0.9868045763960615,0.0032022619185597028
11,0.009102981779915217,363,0.11069373817457821,0.9971779919290513,0.4825943989016981,0.13478941273586983,0.9876555289192426,0.002797458386443342
11,0.013257113655901081,363,0.11326936399527329,0.9971124328244286,0.45023285597805585,0.1193045960775345,0.9884738038543015,0.002440492991165712
11,0.019306977288832496,363,0.11594077090453252,0.9970444410827513,0.41985118323143755,0.10594930536409491,0.9892406325216084,0.0021532729108063825
11,0.02811768697974228,363,0.1187000595206936,0.9969742127258762,0.39216230998302215,0.0949295014272813,0.9899386971892387,0.0019387158544439153
11,0.040949150623804234,363,0.12152769510267318,0.9969022369062241,0.36763127128822537,0.08592606177544018,0.9905567402351252,0.0017825048814864664
11,0.05963623316594643,363,0.12440115843951904,0.996829079483148,0.3464289815189162,0.07846571591281433,0.9910909139732216,0.0016645775819453077
11,0.08685113737513521,363,0.12730648067614977,0.9967550935914431,0.3284819028194854,0.07219209014466979,0.9915435464897004,0.0015687758132269239
11,0.12648552168552957,363,0.13024871873393354,0.9966801544801005,0.31356053427894875,0.06690713697711649,0.9919207880700505,0.0014852541856140286
11,0.18420699693267145,363,0.13325854887430197,0.9966034894387841,0.3013668204738114,0.06249636916976383,0.9922302688168896,0.001408866829681219
11,0.2682695795279725,363,0.1363938673801511,0.99652363237892,0.2916068391232856,0.058872821059644094,0.9924792130324839,0.0013375874948811628
11,0.3906939937054613,363,0.13973782005496543,0.9964384693023074,0.2840470983527622,0.05598098310930849,0.9926730874508205,0.0012720498750084562
11,0.5689866029018293,363,0.14339678946959195,0.9963452868715986,0.2785508321104386,0.053827463114763364,0.9928148466523725,0.0012153619905776623
11,0.8286427728546842,363,0.14750097879773438,0.9962407573765877,0.27508735322275296,0.05249071242745433,0.9929048822702911,0.0011722002421601996
11,1.2067926406393288,363,0.15220829270408548,0.9961208417086954,0.2737145951178739,0.05209119340133511,0.9929415960725022,0.0011470354904600689
11,1.7575106248547894,363,0.1577155924315326,0.995980506781588,0.274556103421035,0.05274088220601865,0.9929219946045815,0.0011424161223843837
11,2.559547922699533,363,0.16428746693995827,0.9958129997394977,0.27780895232440683,0.05450482049585178,0.9928413428387313,0.0011586053887585259
11,3.727593720314938,363,0.17230677008920786,0.9956085685376029,0.2837969373567931,0.0573858304383444,0.9926915349785288,0.0011947757472307548
11,5.428675439323859,363,0.1823319007766661,0.9953530063202554,0.2930369547549397,0.06130882105830393,0.9924590988308852,0.0012502205211720706
11,7.9060432109076855,363,0.19513787101461036,0.9950266008602682,0.3062793598779723,0.0660819309432236,0.9921239726192503,0.001323824857269198
11,11.513953993264458,363,0.21174153522948808,0.9946034820794221,0.32454402846672165,0.07135886935999865,0.9916586126829519,0.0014120029304679944
11,16.768329368110066,363,0.2334542831383218,0.9940502723398437,0.34924352408940706,0.0766476856813978,0.9910250891907628,0.0015071303133291814
11,24.420530945486497,363,0.2620381817838507,0.9933221112360249,0.3824818698396759,0.08135684371830518,0.9901677047456596,0.0015978757696254483
11,35.564803062231285,363,0.3000405445000598,0.9923541422429407,0.42753659622596507,0.08482570834393638,0.9890006512326288,0.0016715490819633745
11,51.79474679231202,363,0.35134126490372797,0.9910475676485598,0.4894414283143263,0.0863343676861968,0.9873927322470744,0.001719490950077467
11,75.43120063354607,363,0.42188088233255633,0.9892510650105739,0.5755514689979502,0.08514068105715263,0.985152432845411,0.0017480769735595324
11,109.85411419875572,363,0.5205024919570296,0.9867392706763981,0.6960580345919941,0.0805592760610549,0.9820145524949193,0.0017967207953964496
11,159.98587196060572,363,0.6599282369321358,0.9831878368254958,0.8646787667489185,0.0721065165771816,0.97762275377268,0.001955036362338679
11,232.99518105153672,363,0.8580112415364747,0.9781415011257663,1.0999266029698114,0.060137549348706625,0.9714975402874441,0.0023484952280310666
11,339.3221771895323,363,1.1390977556328548,0.9709793521258275,1.426817231297317,0.04908545999738334,0.9629932103221936,0.0030775138717721333
11,494.1713361323828,363,1.5343710401379684,0.96090599330746,1.8775491383372773,0.05517326423535326,0.9512817076725879,0.0041755533462834405
11,719.6856730011514,363,2.079553204670975,0.9470100117264584,2.4892224277029333,0.09068451903897419,0.9354134837100503,0.005605437682203269
11,1048.1131341546852,363,2.810166877992951,0.9283847675405982,3.298976403889193,0.1497650491817089,0.9144456632263029,0.007241606710116021
11,1526.4179671752302,363,3.7579005720129137,0.9042213860884688,4.340388458330622,0.2317737403728136,0.8875376774916797,0.008847062118266833
11,2222.996482526191,363,4.951819939058721,0.8737786258084318,5.644365058372704,0.34632656389056216,0.853928753158872,0.010088343428686431
11,3237.45754281764,363,6.422914046758761,0.8362679689544346,7.241869825832043,0.5124276371571336,0.8128623765910922,0.010622280613612119
11,4714.8663634573895,363,8.205461623610026,0.7908196771284312,9.16198725499138,0.7513100710649239,0.7636233595662894,0.010277610117047364
11,6866.488450042998,363,10.330421089192182,0.7366514211280611,11.422882890509735,1.073949855437173,0.7057535419872571,0.009323498882200961
11,10000.0,363,12.811648842708845,0.6734179988934944,14.019427777737068,1.4728033204762734,0.639359077706257,0.008668179849954343
12,0.0001,454,0.07121055832287242,0.9981837893639762,1.8300492013536966,0.7050261142309082,0.9528262076171348,0.016901760738815642
12,0.00014563484775012445,454,0.07335877875141895,0.9981290549685742,1.674352515001781,0.718360870903458,0.9568582259744499,0.01739500755669979
12,0.00021209508879201905,454,0.07561446100059074,0.9980715683752388,1.5367423692588669,0.7140543343924196,0.9604520952495335,0.017361330600176285
12,0.00030888435964774815,454,0.07798594138687773,0.9980111261780673,1.4074618436734156,0.6866155986168472,0.9638277208990012,0.01673019055492889
12,0.0004498432668969444,454,0.08048252747878494,0.9979474996128301,1.2821605364028326,0.638081730588211,0.9670845583385891,0.015565361441397573
12,0.0006551285568595509,454,0.08310733701010262,0.997880614970212,1.160856234385066,0.5746070060001829,0.9702226852560718,0.014017652468044645
12,0.0009540954763499944,454,0.08585096198111528,0.9978107147255189,1.0458850427920117,0.5038030546839518,0.973187723112509,0.012272567325553858
12,0.0013894954943731374,454,0.08868952629341545,0.9977384073848784,0.9398936584775971,0.4327134610889892,0.9759168474380668,0.010504078564597267
12,0.0020235896477251557,454,0.09158893861088803,0.9976645596349563,0.8446387617621058,0.36661590253874365,0.9783677488550164,0.008845243939631667
12,0.0029470517025518097,454,0.09451400697160618,0.9975900650061215,0.7606746881761322,0.3085962849073059,0.9805271381227441,0.007376481418110715
12,0.004291934260128779,454,0.09743886063694425,0.9975155795867441,0.6875571280617935,0.2596909913563396,0.9824064050310982,0.006127927266712157
12,0.0062505519252739694,454,0.10035460143835358,0.9974413282313082,0.6241942904931996,0.2193907154656211,0.984033086464127,0.005091551380678641
12,0.009102981779915217,454,0.10327080296854155,0.9973670669765591,0.5691875138844258,0.18631770633982425,0.9854423944048779,0.0042381765057768325
12,0.013257113655901081,454,0.10620937781448676,0.9972922389685299,0.5211294067605164,0.1588918613894002,0.9866699040589293,0.003534185067721965
12,0.019306977288832496,454,0.10919279110950449,0.9972162732724252,0.47882329941307383,0.13581710810042838,0.9877462924843001,0.0029532789899886576
12,0.02811768697974228,454,0.11223242179864326,0.9971388793341933,0.44138418481557,0.11628573395436057,0.9886949535945743,0.00248049202774072
12,0.040949150623804234,454,0.1153237037948498,0.9970601698141666,0.40823461919628146,0.09991492592219832,0.9895320252380284,0.0021086564740393607
12,0.05963623316594643,454,0.1184505954432089,0.9969805484093113,0.3790423506713846,0.08653421543933175,0.9902676498749834,0.001830879118628915
12,0.08685113737513521,454,0.12159611255753991,0.9969004450084402,0.35362715745852996,0.07596950027584629,0.9909079064150262,0.0016345683222659135
12,0.12648552168552957,454,0.12475318171780306,0.9968200413349916,0.33185171745996195,0.0679182889761395,0.991457242043297,0.001501042279035361
12,0.18420699693267145,454,0.12793216681536115,0.9967390777744839,0.3135311029382085,0.06193845448026248,0.9919206747986689,0.0014098383209046848
12,0.2682695795279725,454,0.131165205093499,0.9966567392222778,0.29840432016339774,0.057522066400733825,0.9923046623315276,0.001343310954055177
12,0.3906939937054613,454,0.13450948216794417,0.9965715691580014,0.28617820937070554,0.05419868656681541,0.9926162398779319,0.0012886685675236782
12,0.5689866029018293,454,0.13805065191985738,0.9964813831850963,0.27660636658920545,0.05161653432876979,0.9928612113734108,0.0012380506772296561
12,0.8286427728546842,454,0.14190584236916143,0.996383194689715,0.26954910727401615,0.049582203030776824,0.993042693489931,0.0011882658406926515
12,1.2067926406393288,454,0.14622622675258484,0.996273149845926,0.26498344076953606,0.048060791487918315,0.9931608645167952,0.0011405185100408046
12,1.7575106248547894,454,0.15120228016445164,0.99614639147535,0.26296717372112177,0.04713263344462595,0.993213910611076,0.0010992459269471588
12,2.559547922699533,454,0.15707806096534913,0.9959966930837345,0.2635881599339141,0.046902035925886196,0.9931993735450059,0.00106951436605208
12,3.727593720314938,454,0.164182269101798,0.9958156690108586,0.26694840324753905,0.04738386072488475,0.9931145287539135,0.0010538992517478841
12,5.428675439323859,454,0.1729812548327634,0.995591428836278,0.2732308072477937,0.04843274274084307,0.9929545190525374,0.0010508575668999043
12,7.9060432109076855,454,0.18414960086061857,0.9953067840907647,0.2828506618116332,0.049763465069473156,0.9927082743358027,0.0010557305179486273
12,11.513953993264458,454,0.19864462539404598,0.9949373520867114,0.29663723358306193,0.05102828685240483,0.9923537571757628,0.0010630625982162147
12,16.768329368110066,454,0.21778280754787765,0.9944496084093064,0.31600498481121053,0.051870443557301485,0.9918536384624295,0.0010678899978628581
12,24.420530945486497,454,0.24335333145407828,0.9937979955734069,0.34315623349973945,0.05192160884136191,0.9911502569437868,0.001065565809655443
12,35.564803062231285,454,0.27783560839987537,0.9929193883681297,0.3813901302027818,0.05077183027350526,0.99015772966576,0.001052524861790745
12,51.79474679231202,454,0.3247813958422789,0.991723366581158,0.4355155358786658,0.0479661626341812,0.9887510469552087,0.0010331520252793733
12,75.43120063354607,454,0.38937789212519885,0.990077857547646,0.5122717244219329,0.04315817518462111,0.9867546359526027,0.0010412462879380302
12,109.85411419875572,454,0.4791596387215747,0.9877909455142138,0.6206918009253577,0.03686847205401638,0.9839324668495774,0.0011735091417658175
12,159.98587196060572,454,0.6048507313804121,0.9845893255628791,0.7725426142344405,0.03332720568932109,0.9799767554204977,0.0015708078763671319
12,232.99518105153672,454,0.7814005763756168,0.9800918295302301,0.9831691558665299,0.04335861249379681,0.9744869339816095,0.0023275305856270017
12,339.3221771895323,454,1.0292079588390295,0.973778179194667,1.2728730311563234,0.07205914177521429,0.9669352493683357,0.003486285805009908
12,494.1713361323828,454,1.375024136477029,0.9649659203807694,1.6681710984823463,0.11671726656105598,0.9566355505261079,0.005076138018663572
12,719.6856730011514,454,1.8513617292888793,0.952825415368696,2.2015452283389556,0.17512035143179305,0.9427512301565324,0.007101004700225471
12,1048.1131341546852,454,2.493549952441069,0.9364548511224967,2.9089146508915915,0.24445823170037687,0.9243628646524857,0.009501121877301255
12,1526.4179671752302,454,3.3355968579496107,0.9149858298497234,3.826282142995993,0.32052442123794,0.9005587864027271,0.012110713948182554
12,2222.996482526191,454,4.4080731006281555,0.8876377791130082,4.988425943400099,0.40012549053134827,0.8704735233925552,0.014627238323069898
12,3237.45754281764,454,5.740218678366078,0.8536651428887382,6.43035199579019,0.4884299106544977,0.8332518231672836,0.01662111053625891
12,4714.8663634573895,454,7.364242841662576,0.8122490127591341,8.18801260136677,0.6100476849005014,0.78802279333592,0.01763459942789367
12,6866.488450042998,454,9.31629156114776,0.7624736253685906,10.293585825095708,0.807894809882834,0.7340027534144987,0.017399329640896143
12,10000.0,454,11.628630496658555,0.70352557979154,12.763644269998583,1.1136001813109386,0.6707761430651221,0.016103965382182922
13,0.0001,559,0.060240451818548466,0.9984631697860948,2.6448852412320387,0.6000364812391599,0.9326380214464868,0.009626363536091222
13,0.00014563484775012445,559,0.06296649602177364,0.9983937545401564,2.2566773123144546,0.37303266013824654,0.9420196185304978,0.007301074277166271
13,0.00021209508879201905,559,0.06570812902684363,0.9983239279760193,1.9572560790505489,0.2913430272537343,0.9493579471010412,0.008050967123468606
13,0.00030888435964774815,559,0.06848054656824318,0.9982533018771014,1.721565526588909,0.2925865539120728,0.9552460277029944,0.009108748079510898
13,0.0004498432668969444,559,0.07131193836264933,0.9981811618406328,1.5315370698153106,0.3125989348477083,0.9600984431912922,0.009688872196599625
13,0.0006551285568595509,559,0.07423586242659332,0.9981066582945235,1.3738931699604473,0.3265733717542549,0.964209848135934,0.009773598630885439
13,0.0009540954763499944,559,0.07727960328195385,0.9980291010867465,1.2387770522514787,0.3305852781760301,0.9677922316123795,0.009484596265263589
13,0.0013894954943731374,559,0.08045376420768222,0.9979482242000032,1.1194475381458573,0.3266033162556454,0.9709854240507179,0.008960055870822159
13,0.0020235896477251557,559,0.0837471985653869,0.9978643149466585,1.0121743925791553,0.3171635995812504,0.9738619361420842,0.008317461547092099
13,0.0029470517025518097,559,0.08712856451204123,0.997778174149671,0.9155097251743433,0.3038680812905394,0.976446016345198,0.0076347150774523625
13,0.004291934260128779,559,0.09055360049867775,0.9976909304966124,0.8290482832291282,0.28758838281504656,0.9787435291416694,0.006952556886948576
13,0.0062505519252739694,559,0.09397595474073298,0.9976037646711344,0.7523634119844237,0.2688984824991365,0.9807659211560205,0.0062868675735993
13,0.009102981779915217,559,0.09735877998755613,0.9975176142903106,0.6845506285491189,0.24816524887224098,0.982538912069409,0.005638079072732796
13,0.013257113655901081,559,0.10068418799238506,0.9974329335299286,0.6243132480765273,0.22561210434529433,0.9840987404360835,0.004999415291068502
13,0.019306977288832496,559,0.10395754907999048,0.997349584147679,0.570312823274255,0.20159828343131128,0.985482954030785,0.004367903334936518
13,0.02811768697974228,559,0.1072040287872077,0.9972669240380732,0.5215301855430348,0.176920436637504,0.9867213907448852,0.0037541282245930055
13,0.040949150623804234,559,0.11045755202931917,0.9971840880750544,0.4774500208571035,0.1528252463878749,0.9878314138906807,0.0031833514647806663
13,0.05963623316594643,559,0.11374723078775757,0.9971003330652872,0.43799071446743587,0.13066188291280204,0.9888192610141721,0.0026857632896128583
13,0.08685113737513521,559,0.1170888048382502,0.9970152553351379,0.40325968663935247,0.11142438672871331,0.9896857437345077,0.0022820965612160788
13,0.12648552168552957,559,0.1204856592696943,0.9969287655077672,0.37330692340719457,0.09551712869238393,0.9904321840904242,0.0019748046818306095
13,0.18420699693267145,559,0.1239381867369553,0.9968408514829044,0.34800077103227595,0.08283589803788849,0.9910634866022917,0.0017500713677318877
13,0.2682695795279725,559,0.12745651680039766,0.9967512550366306,0.32703584545882863,0.07298924590078497,0.9915880216602104,0.001586689552852703
13,0.3906939937054613,559,0.1310718565037452,0.9966591825202411,0.3100122682077674,0.06547617284317742,0.992015802069259,0.0014642106356772652
13,0.5689866029018293,559,0.13484476161058576,0.9965630931867026,0.2965256502303225,0.05978989923606093,0.992356441611868,0.0013670144521071817
13,0.8286427728546842,559,0.1388719861778251,0.9964605237384226,0.286239474767262,0.055498119272117695,0.9926175646501161,0.0012855722372211642
13,1.2067926406393288,559,0.1432945370477995,0.9963478814954708,0.27893324864051816,0.05231373068883241,0.9928038141828773,0.0012164289591738767
13,1.7575106248547894,559,0.14830807324084033,0.9962201764540662,0.27452206518590144,0.05012059550113489,0.9929165678625431,0.0011608903773389684
13,2.559547922699533,559,0.15417635858607487,0.9960706754044274,0.2730468895169831,0.04892867040700349,0.99295434611725,0.001122219930328502
13,3.727593720314938,559,0.16125248095478031,0.9958903612762953,0.2746554964027279,0.04878046337216046,0.9929133275168347,0.0011023710203507228
13,5.428675439323859,559,0.170016623120182,0.9956669766474073,0.2796128932233345,0.04966391157850378,0.992786913757952,0.0011002442242565463
13,7.9060432109076855,559,0.18113153808554566,0.9953836205429001,0.28836275059058136,0.0514761473444486,0.9925638177075544,0.0011126237759539474
13,11.513953993264458,559,0.1954971744970761,0.995017365041259,0.3016153786786848,0.05403193989674047,0.9922254510187137,0.0011365109157153508
13,16.768329368110066,559,0.21427917443598718,0.99453853035576,0.3204243964578265,0.0570747321291874,0.9917437928845118,0.001170201576976372
13,24.420530945486497,559,0.23891942878065126,0.9939104122848669,0.3462707661301837,0.06027278506063389,0.991079373524926,0.001212057086699704
13,35.564803062231285,559,0.2712032917963839,0.9930875712392059,0.38124989712647434,0.06321191718164462,0.9901767775232571,0.001258520993388215
13,51.79474679231202,559,0.3135123089734798,0.9920094053732882,0.42846824668232425,0.06537897069985453,0.9889545769913317,0.0013040107613260597
13,75.43120063354607,559,0.3693816500047888,0.9905859572472414,0.49267203046899477,0.06613010873963589,0.9872888266229867,0.0013460046612835243
13,109.85411419875572,559,0.44439501825652117,0.9886750881676933,0.5810201292040036,0.06468860929209673,0.9849924876772157,0.0014002845137870853
13,159.98587196060572,559,0.5473473588097315,0.9860527753980962,0.7039123950986514,0.060277817656893384,0.9817935852652809,0.0015285969006987453
13,232.99518105153672,559,0.6915822053344504,0.9823789263925266,0.875968816774184,0.05269842905031854,0.9773102142813886,0.0018548670415033679
13,339.3221771895323,559,0.896413220820152,0.977161063239952,1.117367807577844,0.04454925540384865,0.9710172303318645,0.0025157554879364913
13,494.1713361323828,559,1.1882458556814859,0.9697256829075883,1.4552350640758007,0.04652912395717604,0.9622123220480197,0.0035875892490987746
13,719.6856730011514,559,1.6003085530002217,0.9592250535241724,1.9236785874721118,0.07004111145914074,0.9500172724266636,0.005077569283784148
13,1048.1131341546852,559,2.1697432166476447,0.944711315423946,2.560914749520463,0.11119423691700979,0.933454340623938,0.006926383410938594
13,1526.4179671752302,559,2.932632330483701,0.925263304484891,3.404260154612907,0.16493116233441932,0.9115777973328825,0.008988269286311778
13,2222.996482526191,559,3.9203684806737256,0.9000794728199649,4.486714185420134,0.2324548296244618,0.8835640576768012,0.011014885493168248
13,3237.45754281764,559,5.1604357099144895,0.8684586931407754,5.837643158894876,0.324572794436709,0.8486939635203148,0.012666385868459567
13,4714.8663634573895,559,6.679702368161706,0.8297172288032695,7.484364294288307,0.46361590501112204,0.8063071056083068,0.013571207067424198
13,6866.488450042998,559,8.50447929890215,0.7831881305102919,9.44876227165759,0.6757420017298947,0.7558774178692332,0.013460575411754591
13,10000.0,559,10.65429307658621,0.728380310836929,11.738373484049443,0.9759973236629027,0.6972267022894846,0.012374211520556894
14,0.0001,679,0.053320607138838225,0.9986392075622372,4.348007971928336,2.6467742580987355,0.8917517162392243,0.05400529915843637
14,0.00014563484775012445,679,0.05640208620135685,0.9985607616941927,3.4113610349363896,1.3981570553913003,0.9137974678150573,0.026943091629446542
14,0.00021209508879201905,679,0.05950152896226406,0.9984818691328388,2.816721048432861,0.7328052964341498,0.927880714910296,0.014487092349462057
14,0.00030888435964774815,679,0.06261032376116232,0.9984027311996799,2.4365382825368362,0.5502826650160823,0.9370417930103343,0.014026790299181646
14,0.0004498432668969444,679,0.06571998686241917,0.9983235492770748,2.176832160502974,0.5949228205361048,0.9434809700982578,0.016483362693521016
14,0.0006551285568595509,679,0.06882736962230743,0.9982443973557317,1.9754627219688594,0.6518774336611903,0.9486299360823249,0.01800322530621486
14,0.0009540954763499944,679,0.07193896099260418,0.9981651143121957,1.7962775984458836,0.6734907323331687,0.9533078350185538,0.018331125816884276
14,0.0013894954943731374,679,0.07507163733969238,0.9980852825680617,1.622670202702329,0.6585020107700679,0.9578793222835225,0.017669741146730228
14,0.0020235896477251557,679,0.07824840597091616,0.9980043313156935,1.451327604606752,0.6142682341272464,0.9623998521663804,0.01626421501917465
14,0.0029470517025518097,679,0.08148936235660773,0.9979217610565227,1.2861451312662644,0.5512182061586228,0.9667559439891775,0.01439487501417336
14,0.004291934260128779,679,0.08480159736088756,0.997837396596157,1.1329375810458215,0.4803741152123483,0.9707908228643138,0.01234848681467451
14,0.0062505519252739694,679,0.0881744575037531,0.9977515068747722,0.9959746128082992,0.41094622233546424,0.9743901509387912,0.010365167527053836
14,0.009102981779915217,679,0.09158429930469796,0.9976646862911753,0.876772820556269,0.3487639048543016,0.9775130607888279,0.008599110716975743
14,0.013257113655901081,679,0.09500671812496292,0.9975775474520685,0.7745779041214084,0.2960255408925667,0.9801794887269857,0.007111302265294058
14,0.019306977288832496,679,0.09842936343374112,0.9974903984314054,0.6874633761991528,0.25217763404195115,0.9824407664118928,0.0058907669008058895
14,0.02811768697974228,679,0.10185804214232172,0.9974030888810927,0.6132294295387833,0.21530133337690255,0.9843555490047811,0.004889207981954254
14,0.040949150623804234,679,0.10531244223858442,0.9973151182903056,0.549865639773517,0.1833954408491732,0.9859778370750784,0.0040539577886916775
14,0.05963623316594643,679,0.10881380448821285,0.9972259478925432,0.4957036060599879,0.15518112884903054,0.9873534875461193,0.0033493562868049144
14,0.08685113737513521,679,0.11237241920280742,0.9971353170333197,0.4494303965782568,0.1302978755498232,0.9885200633671634,0.0027622245855951897
14,0.12648552168552957,679,0.11598381652568364,0.9970433398174302,0.41005243221251886,0.1090015168892223,0.9895073295348936,0.002293333864244816
14,0.18420699693267145,679,0.11963714525751298,0.9969502933775745,0.3768269686319182,0.09165171580761433,0.990338144830808,0.0019424624638831147
14,0.2682695795279725,679,0.12333130929442448,0.9968562084257553,0.34915887101380105,0.0782930389602708,0.9910303185355355,0.0016971313369693257
14,0.3906939937054613,679,0.12709043781987867,0.9967604738811641,0.32649501273520765,0.06851149220986638,0.99159903473774,0.0015323180682594076
14,0.5689866029018293,679,0.13097311132871767,0.9966615981590088,0.3082777068438535,0.06156738643398819,0.9920583393369051,0.0014193310646506477
14,0.8286427728546842,679,0.1350761486957673,0.9965571107006677,0.2939842930413596,0.056653690249442994,0.9924207094645169,0.0013346261563481564
14,1.2067926406393288,679,0.13953766857357613,0.9964434864826635,0.2832126066410249,0.053106909442683446,0.9926953671933207,0.0012631368710105592
14,1.7575106248547894,679,0.1445436703787973,0.9963159826171548,0.27574570917623625,0.05050129844156615,0.992886871480437,0.0011978552379134063
14,2.559547922699533,679,0.1503413043445045,0.9961683005757671,0.2715616559315865,0.04864912787754814,0.9929949484262035,0.0011383093732024172
14,3.727593720314938,679,0.15726269132391063,0.9959919740113818,0.2707997237098354,0.04753714131561599,0.9930154153837275,0.0010882502754878602
14,5.428675439323859,679,0.1657626682996794,0.9957754012356892,0.2737173955463611,0.04720770904318451,0.9929413199819577,0.0010521353645122301
14,7.9060432109076855,679,0.17646919567904693,0.9955025611069083,0.28067821268997956,0.04761103529378938,0.9927631458595426,0.0010312783258291137
14,11.513953993264458,679,0.1902373760883679,0.9951516441957914,0.29220473782516326,0.048509031163469656,0.9924671898148839,0.0010220032923638938
14,16.768329368110066,679,0.20819387806104617,0.9946939310163303,0.3091040698925679,0.0495084003856595,0.9920321073516153,0.0010173505070266192
14,24.420530945486497,679,0.23177382542979075,0.9940928599580909,0.3326522241175448,0.050198958116565114,0.9914241956003981,0.0010108617705204717
14,35.564803062231285,679,0.2627950435634484,0.9933021424773842,0.3648472563738996,0.05029866343692329,0.9905911386591347,0.0009998286109969346
14,51.79474679231202,679,0.3036561975296981,0.9922607264482215,0.4087676676098096,0.04973991138961027,0.9894529383795035,0.0009880537518628986
14,75.43120063354607,679,0.35774601381937793,0.9908823833760213,0.469037878381254,0.04871011725031564,0.9878895698856123,0.0009923941310791724
14,109.85411419875572,679,0.4301161461306188,0.9890385571452412,0.5523542223821032,0.047746694612439806,0.985726494558721,0.0010585733171225398
14,159.98587196060572,679,0.5284312690388061,0.9865340951610962,0.6680699636303599,0.04809866194138912,0.9827186067638427,0.0012757184205137047
14,232.99518105153672,679,0.6641725397409827,0.9830764651856461,0.8289759322247511,0.05252368144122572,0.9785299518389143,0.0017533820509689731
14,339.3221771895323,679,0.8539979916938011,0.9782409636756022,1.0524451848927463,0.06557749421384974,0.9727053128604517,0.0025812256552476265
14,494.1713361323828,679,1.1209414783931828,0.9714400866947142,1.3617357158665535,0.09155592611705317,0.9646385599215817,0.003828378918705822
14,719.6856730011514,679,1.494692860281063,0.9619163579409559,1.7865083221465945,0.13233697036278455,0.9535612887893867,0.005547025699416372
14,1048.1131341546852,679,2.0099327845972295,0.9487847298151129,2.36133116478903,0.18748316663861306,0.9385832337745328,0.007751985212857515
14,1526.4179671752302,679,2.702473380792453,0.9311309199609127,3.1221353170199753,0.25456400536774765,0.9187861079103682,0.010385650661615781
14,2222.996482526191,679,3.6049481469748534,0.9081214080421764,4.102790456152685,0.3294458068383683,0.8933156229577417,0.013278063467770131
14,3237.45754281764,679,4.74508451424712,0.8790479433568986,5.334482082487424,0.4083702520389034,0.8614015845677299,0.016114814514627276
14,4714.8663634573895,679,6.147781361575335,0.8432754559839678,6.84744391324534,0.49451915886506964,0.822314132310743,0.01844079572165702
14,6866.488450042998,679,7.838349664589624,0.8001606691399417,8.670751957553042,0.6094292431372708,0.7753617115002183,0.019748693049723133
14,10000.0,679,9.842372541247354,0.7490569187197709,10.82649709164763,0.7951994702831747,0.7200228468002136,0.01968514446351335
15,0.0001,815,0.047306994889206457,0.9987926949099186,7.792384738161762,3.3176071533676446,0.8053231549921988,0.06464569234053587
15,0.00014563484775012445,815,0.050451199816829516,0.9987125498438317,6.054252346854206,2.3710423697445018,0.8482621272287456,0.04504450374211935
15,0.00021209508879201905,815,0.053621803417140554,0.9986317645212657,4.762468118934378,1.5738090526733723,0.8798761072197735,0.028731106099515943
15,0.00030888435964774815,815,0.05680653571806128,0.9985506429923994,3.8197894214783807,1.0007472683287435,0.9028503473447922,0.017979853707316393
15,0.0004498432668969444,815,0.05999310843828437,0.998469483147122,3.134683021604718,0.6559271048857084,0.9195764436631848,0.013443777452368612
15,0.0006551285568595509,815,0.06317183200634731,0.9983885165547048,2.631465112819973,0.49803074737489444,0.9319626769171165,0.013048495938457546
15,0.0009540954763499944,815,0.06634240366049102,0.9983077416027972,2.2518207292099217,0.44874238073152684,0.9414417563744675,0.013614313986665749
15,0.0013894954943731374,815,0.0695195724054142,0.9982267815918124,1.9531771628299708,0.43507433065469747,0.9490371120786303,0.013767806438870947
15,0.0020235896477251557,815,0.07273235364333566,0.9981449032218167,1.7066616698190458,0.4226630791111409,0.9554256995318756,0.01329870446275115
15,0.0029470517025518097,815,0.07601576685321539,0.9980612234940276,1.4949436264898763,0.4030914623823004,0.960997364060877,0.01233958685944026
15,0.004291934260128779,815,0.0793984873603109,0.9979750207450835,1.3095060860504317,0.3780569841787662,0.9659266725601695,0.011109536167903925
15,0.0062505519252739694,815,0.08289180532373079,0.9978860137121117,1.147194326891308,0.3516039400829728,0.9702623877543954,0.009821671296357339
15,0.009102981779915217,815,0.08648475825712351,0.9977944849565409,1.0067685936371258,0.32642865693860945,0.9740157975973245,0.008625390495221614
15,0.013257113655901081,815,0.09014777329483206,0.9977011885503874,0.8866644532591155,0.3028925389331582,0.9772166689097972,0.007582855028372855
15,0.019306977288832496,815,0.09384356699739331,0.997607072960584,0.7844452834619914,0.2798888153331582,0.9799245939902912,0.0066849631178884285
15,0.02811768697974228,815,0.0975409664698595,0.9975129292029761,0.6972898296520268,0.2560780888392714,0.9822135057558651,0.005887532083947021
15,0.040949150623804234,815,0.10122599682477304,0.9974191088363457,0.6225836573785866,0.23062490311412107,0.9841543287539356,0.005144574447470885
15,0.05963623316594643,815,0.10490542086170189,0.9973254348514317,0.5582249925639574,0.203518552958704,0.9858061720464317,0.004429935189290887
15,0.08685113737513521,815,0.1086012575802237,0.9972313424708338,0.5026963973049592,0.1756517303141708,0.9872142141703829,0.00374611920065366
15,0.12648552168552957,815,0.11234012349309339,0.997136151153861,0.4549902403093803,0.14858055635080847,0.9884111831236604,0.0031191408624140124
15,0.18420699693267145,815,0.11614504000907018,0.997039273098688,0.41442872639763434,0.12398774348080026,0.9894210752983852,0.0025823219621492516
15,0.2682695795279725,815,0.12003570469004603,0.996940206058927,0.38045789085719356,0.10312752980409827,0.9902634249772649,0.002158101402071798
15,0.3906939937054613,815,0.12403724069068094,0.9968383102420514,0.3525116447029939,0.08653351273114394,0.990956149022494,0.0018474489581541428
15,0.5689866029018293,815,0.12819246870756468,0.9967324950576234,0.3299805102557486,0.0740413095622356,0.9915162790742151,0.0016312687168531755
15,0.8286427728546842,815,0.13257279069363082,0.9966209410633408,0.3122538280970306,0.06500578089232134,0.9919592710598378,0.001480982047412494
15,1.2067926406393288,815,0.13728756094146016,0.9965008614419096,0.2987898063181019,0.05858530832758579,0.9922978102952487,0.0013703480645221588
15,1.7575106248547894,815,0.14249677659646426,0.9963681796247149,0.28918599048503946,0.05400578198411908,0.9925405905159117,0.0012821985706957743
15,2.559547922699533,815,0.148431878430432,0.9962169981924169,0.28323548618253225,0.05073037815232295,0.992691340294645,0.0012093512111524202
15,3.727593720314938,815,0.15542524013261677,0.996038842408049,0.2809547172543892,0.04849356569863575,0.9927484505459778,0.0011517180959359935
15,5.428675439323859,815,0.16394684971434695,0.9958217194012613,0.2825770397728634,0.04721754058070816,0.9927053245933763,0.001111599561389731
15,7.9060432109076855,815,0.17464851495921926,0.9955489907564669,0.288531495935604,0.04687158887480916,0.9925508825604595,0.0010892095259417039
15,11.513953993264458,815,0.1884135098792561,0.9951981152406892,0.29944318095613626,0.047354801289663496,0.992269248953827,0.00108082468230865
15,16.768329368110066,815,0.20639674525468207,0.9947396389492041,0.31617561823323015,0.048472488172248133,0.9918382168793484,0.001080812157976389
15,24.420530945486497,815,0.23003236501271682,0.9941370144480801,0.339905258274813,0.05000317470930096,0.9912270028399435,0.0010857555488698275
15,35.564803062231285,815,0.26101359594632373,0.9933471220644957,0.3722261195394143,0.05177530176069819,0.9903935516117119,0.0010971914427649586
15,51.79474679231202,815,0.301323480941968,0.9923194942889474,0.4153432665408108,0.05367754292108434,0.9892797930815128,0.001121288370512202
15,75.43120063354607,815,0.35347302159893434,0.9909902604004983,0.47246624038292995,0.05557983537260118,0.987801595250988,0.0011673115604948566
15,109.85411419875572,815,0.421112234894248,0.9892665829883758,0.5484795748140935,0.05720176359315714,0.9858310672142088,0.0012500934905084913
15,159.98587196060572,815,0.5100836293488763,0.9869997836213417,0.6508577036423848,0.058045515797264725,0.983172153396249,0.0014022904444921692
15,232.99518105153672,815,0.629843211476903,0.9839490405967591,0.7907431682779117,0.057627210176563984,0.9795322578113579,0.001692782588548238
15,339.3221771895323,815,0.7950735275650056,0.9797401497603868,0.9842090975329636,0.056449380849638034,0.9744901456917663,0.0022275482801001464
15,494.1713361323828,815,1.0271999425706664,0.9738267688773661,1.2537055706212894,0.0581356250944431,0.9674604134541518,0.0031159309603086723
15,719.6856730011514,815,1.3551538930014977,0.9654709067292222,1.6290673149849635,0.07021044912527039,0.9576700970265846,0.004432169646616739
15,1048.1131341546852,815,1.8142106369404192,0.953772509375008,2.146569706848337,0.09769999731741123,0.944185658282547,0.006193601783460253
15,1526.4179671752302,815,2.4421127762121495,0.9377682411612926,2.844996534628012,0.1391016112103033,0.9260166847587991,0.008340109227312981
15,2222.996482526191,815,3.2738709704739954,0.9165641258336006,3.760400165453253,0.19156523265999179,0.9022529418732285,0.010712323912363562
15,3237.45754281764,815,4.338784239479636,0.8894119193779177,4.9233974292592775,0.2561131715409082,0.8721352500285896,0.013042155020417476
15,4714.8663634573895,815,5.661602194535157,0.8556801969343922,6.360230740484394,0.3429018754577303,0.8350271140296481,0.01496925922791132
15,6866.488450042998,815,7.264775680578532,0.8147978411183793,8.093195206262243,0.4745798559198578,0.790398387335494,0.016101710731498537
15,10000.0,815,9.166724631351947,0.766299071014069,10.135472149724645,0.6788952912193951,0.7379470668462573,0.01614326296051699
16,0.0001,968,0.0425640701030303,0.9989135285913759,14.208552825968932,11.770289700276754,0.6511807933899104,0.2505313501436631
16,0.00014563484775012445,968,0.0457229640463623,0.9988329524338393,10.286926005567171,7.590317138079568,0.7462503695757914,0.1592186287223298
16,0.00021209508879201905,968,0.04895137850870758,0.9987506323973392,7.45940945925822,4.447869038910038,0.8143863869271799,0.0904114893600947
16,0.00030888435964774815,968,0.05222724420257611,0.9986671383797798,5.541049024058948,2.3373967550000536,0.8604944207310645,0.044402635822412516
16,0.0004498432668969444,968,0.05553437292408264,0.9985828813109429,4.299549830565328,1.1121898243445565,0.8903738523171573,0.01947272123106545
16,0.0006551285568595509,968,0.058859567725244324,0.9984981863933801,3.5111830742949985,0.6423818540125172,0.9094821832522635,0.015662741740461585
16,0.0009540954763499944,968,0.062190938861893474,0.9984133401548265,2.995146477518852,0.6584593782408596,0.9221795954385155,0.019883768306092054
16,0.0013894954943731374,968,0.06552062347520882,0.9983285281977745,2.624862099233437,0.7404867949245223,0.931494034959987,0.022561095835166453
16,0.0020235896477251557,968,0.06884975993488054,0.9982437146348268,2.3235809253251247,0.7724728898456512,0.9392432415170451,0.023179176219304626
16,0.0029470517025518097,968,0.07219102121940398,0.9981585796310467,2.052676725738593,0.753939794403567,0.9463232281559619,0.022256686400890024
16,0.004291934260128779,968,0.07556584010543807,0.9980725874861252,1.7986543620733215,0.6978871949545484,0.9530231031842,0.02027355471955265
16,0.0062505519252739694,968,0.07899660782908123,0.9979851799497543,1.5617816102309217,0.6191999844081351,0.9592999740911259,0.017680508563257164
16,0.009102981779915217,968,0.08249717257099201,0.9978960128669027,1.3472436857666994,0.5326001683974613,0.9649960076210246,0.014899638445619326
16,0.013257113655901081,968,0.08606709004342719,0.9978050995528769,1.1593133709050583,0.4499760729417753,0.969985122730462,0.012267647554352471
16,0.019306977288832496,968,0.08969378656845002,0.9977127558487252,0.9989006262158119,0.37831816940703616,0.9742356091511393,0.009987011804966582
16,0.02811768697974228,968,0.09336177460240666,0.9976193681583828,0.8639381831362902,0.3195489149956471,0.977798734839436,0.008123472846357664
16,0.040949150623804234,968,0.09706335889748556,0.9975251244448222,0.7510226754473562,0.27201185383975024,0.9807637496109816,0.006643445814434404
16,0.05963623316594643,968,0.10080448306020713,0.9974298680873523,0.6567582732711046,0.23252566999749968,0.9832210901534356,0.00546474319557141
16,0.08685113737513521,968,0.10460226549418117,0.9973331613789794,0.5782624482935917,0.19812094814330958,0.9852487809630727,0.004501305442376277
16,0.12648552168552957,968,0.10847573962558102,0.9972345201975703,0.5131509763126241,0.16707487266130078,0.9869132762975099,0.003693319715168401
16,0.18420699693267145,968,0.11243647215280499,0.9971336512584841,0.4594280087037695,0.13911583027467075,0.988272451281435,0.0030170995640960074
16,0.2682695795279725,968,0.11648755492750429,0.9970304772760153,0.415427212621635,0.11490780205193266,0.9893762616349008,0.0024740554415176273
16,0.3906939937054613,968,0.1206350286928591,0.9969248468681142,0.37976057738760916,0.09521696315975446,0.9902665622550793,0.0020679195361065082
16,0.5689866029018293,968,0.12490747583539293,0.9968160357025397,0.3512382329956286,0.08025823403442515,0.9909779572083501,0.0017859903764123484
16,0.8286427728546842,968,0.12937434890561547,0.9967022772041686,0.32880031943438476,0.06952159784731707,0.991539263445594,0.0015971871981603643
16,1.2067926406393288,968,0.13415653772229155,0.9965804899856394,0.3115215781736621,0.062038386622413434,0.9919739589886577,0.0014651288408010438
16,1.7575106248547894,968,0.1394312566662299,0.9964461532732367,0.2986879347940893,0.05679643204473253,0.9922990937649635,0.001361512120059739
16,2.559547922699533,968,0.1454399204243831,0.996293110419072,0.28988137146343596,0.05302680121957669,0.99252381046832,0.00127076132038185
16,3.727593720314938,968,0.15250783951846775,0.996113070130322,0.28501501593318446,0.050289361154622354,0.9926488358185427,0.0011884562486389376
16,5.428675439323859,968,0.16108046915553922,0.9958946790916476,0.2843112618414431,0.04842307477942775,0.9926672595223061,0.001117670393888603
16,7.9060432109076855,968,0.17177490427894393,0.9956222009641763,0.288248159277407,0.04742110659817559,0.9925660470615376,0.0010642842174276726
16,11.513953993264458,968,0.18543675698091971,0.9952740613568005,0.2975018562214712,0.04725997756921132,0.9923274920968581,0.001031623443558627
16,16.768329368110066,968,0.2031842093873779,0.9948217297724016,0.3129163535720681,0.04775469317874543,0.9919297348622154,0.001016836111899631
16,24.420530945486497,968,0.22642339297403574,0.9942293425969785,0.3355398898810842,0.04855742639357948,0.9913454935696991,0.0010123007656318735
16,35.564803062231285,968,0.25684708551082414,0.99345375584443,0.3667666112763198,0.049326747512741846,0.9905383025496215,0.001011509185505975
16,51.79474679231202,968,0.2964833451633564,0.9924433248032996,0.40862092580582543,0.04995445188827707,0.9894553651819106,0.0010151686732737986
16,75.43120063354607,968,0.3479072522515287,0.991132525842211,0.4642065704636117,0.05071531833691923,0.9880161078113578,0.001035395941103278
16,109.85411419875572,968,0.41472411895034966,0.9894296540245925,0.5382899987589489,0.05225039605732284,0.986096699146229,0.0011000284110026881
16,159.98587196060572,968,0.5023858736942979,0.9871960015770938,0.6379591795060123,0.0553544452657987,0.9835119335471187,0.0012581719210677208
16,232.99518105153672,968,0.6193520308469704,0.9842161940647965,0.7733840188537696,0.06077973804502945,0.9799944736402366,0.0015813815976500082
16,339.3221771895323,968,0.7785383431974428,0.9801611329535257,0.958838299665343,0.06961322868949708,0.9751684588875509,0.0021569770893331026
16,494.1713361323828,968,0.9988279662909466,0.9745493447357525,1.2140399778274096,0.08428423167365284,0.9685165758696554,0.0030800379088197207
16,719.6856730011514,968,1.3060674860438182,0.9667215334745322,1.5652795829532093,0.10874603919128702,0.9593535872182544,0.004442739024466003
16,1048.1131341546852,968,1.7325682877610646,0.9558532908898105,2.045087280915905,0.14671374632333042,0.9468373461584741,0.006315533729422912
16,1526.4179671752302,968,2.3142877783176963,0.9410269240262972,2.6894352141158384,0.1997416979025088,0.9300428917566755,0.008720335975065815
16,2222.996482526191,968,3.0862112772249652,0.9213491410143918,3.5333478485563097,0.26663579889130606,0.9080780173206655,0.011593695085213627
16,3237.45754281764,968,4.078339151291192,0.8960534837909548,4.607814784414605,0.3437534138544718,0.8801663076559226,0.014743636029414187
16,4714.8663634573895,968,5.314845730062382,0.8645222578557042,5.9400687143809465,0.4271712148220978,0.8456432881665507,0.01781857721920152
16,6866.488450042998,968,6.8162372004999074,0.826232405963794,7.555209203000109,0.519591315375517,0.8039143261692343,0.020321248632777407
16,10000.0,968,8.601260253062541,0.7807081241394908,9.474449699321308,0.6418752363133539,0.754491124784658,0.021713031867175447
17,0.0001,1139,0.03871317380564082,0.9990120860266541,19.72175463073798,5.841558896107909,0.49962751051230453,0.10817294671803648
17,0.00014563484775012445,1139,0.04176591551150521,0.9989341841808145,15.199509794628884,5.06806790577177,0.6158287774335524,0.09487939605999902
17,0.00021209508879201905,1139,0.04493396696037593,0.9988533475358295,11.551152255995202,3.9603515503576783,0.7084201567465844,0.0742228291815429
17,0.00030888435964774815,1139,0.048192088515782425,0.9987702362385475,8.740221058254669,2.8556859399898586,0.779097393239186,0.05297752520374397
17,0.0004498432668969444,1139,0.05151516322693121,0.998685502687034,6.664992402124442,1.943532942372141,0.8309092208011408,0.03559217181747088
17,0.0006551285568595509,1139,0.054879503353221296,0.9985997523150125,5.180298147085075,1.284116408101852,0.8677937495710948,0.02408839511080972
17,0.0009540954763499944,1139,0.05826259024293592,0.9985135494760513,4.1333363142719595,0.8701089847911779,0.893752800880993,0.018850039602672217
17,0.0013894954943731374,1139,0.06164498284783153,0.9984273739391876,3.38953597476078,0.6631604404404197,0.912247905727235,0.017999994187093374
17,0.0020235896477251557,1139,0.06501616624313707,0.9983414797590362,2.8437813166734753,0.5883449549285134,0.9259439299012675,0.018426964173523012
17,0.0029470517025518097,1139,0.06838083149394011,0.9982557410261176,2.421656053491114,0.5597992389730816,0.9366945432414191,0.018359553266422683
17,0.004291934260128779,1139,0.07176005744094108,0.9981696225215387,2.0757725411431425,0.529853716958096,0.9456493535828179,0.017382184693034985
17,0.0062505519252739694,1139,0.07518515817405687,0.9980823332409787,1.780011168879458,0.4875987634857994,0.9534132741620194,0.015683474911223114
17,0.009102981779915217,1139,0.07868667878762063,0.9979931026714945,1.5228823925651784,0.4381881255230715,0.9602259251020813,0.013635533595640964
17,0.013257113655901081,1139,0.08228364261701479,0.9979014522445983,1.300760509767219,0.3896077750918356,0.9661402921759743,0.011584879976578233
17,0.019306977288832496,1139,0.08597786752240794,0.9978073396349878,1.1122156123441278,0.3468635087487311,0.9711687657592958,0.009755844806180627
17,0.02811768697974228,1139,0.08975567185453148,0.9977111156303629,0.9548261722249961,0.3109751746162086,0.9753619804833982,0.008236115274403497
17,0.040949150623804234,1139,0.0935960026453512,0.9976133169474976,0.8246779369105196,0.2803964967583944,0.9788171304082732,0.007012052485900702
17,0.05963623316594643,1139,0.09748131629073882,0.9975143884456731,0.717287668267234,0.2526784427253513,0.9816502807411382,0.006015682553653589
17,0.08685113737513521,1139,0.10140636263763232,0.997414459346975,0.6285306996649382,0.22557970800663532,0.9839704432996248,0.005164950889413609
17,0.12648552168552957,1139,0.10538104161104829,0.9973132716827366,0.5550494118626381,0.19783416059811096,0.9858687498250216,0.004396286226389429
17,0.18420699693267145,1139,0.10942699288565878,0.9972102688959069,0.49428346923366406,0.16957611791146127,0.987417888693272,0.003684726218876754
17,0.2682695795279725,1139,0.11357212473204166,0.9971047362662346,0.4443239863849274,0.14215635150293054,0.9886753470177754,0.003043177055723171
17,0.3906939937054613,1139,0.11784933055432564,0.9969958336375196,0.40369535298475095,0.11740383274296982,0.9896875508820482,0.0025025904920488525
17,0.5689866029018293,1139,0.12230279533936365,0.9968824343271084,0.3711522491481971,0.09678352445381472,0.9904934090076745,0.002086035573313111
17,0.8286427728546842,1139,0.12699980230680685,0.9967628238429788,0.3455658141810424,0.080885784710654,0.9911262152303923,0.0017913630774268054
17,1.2067926406393288,1139,0.13204298740271095,0.9966343871592164,0.32591408306804714,0.06938655858429886,0.9916138058809333,0.0015917376831408117
17,1.7575106248547894,1139,0.13758101113095308,0.9964933368276295,0.3113407317339754,0.061370473670150076,0.9919776417145794,0.0014515586906424585
17,2.559547922699533,1139,0.1438226036714147,0.9963343558375429,0.3012374570719001,0.0557899316671809,0.9922315507689579,0.0013431714786857206
17,3.727593720314938,1139,0.15106263373666132,0.9961499325235474,0.2953188399262851,0.05181596483516311,0.9923806392016447,0.001253267929021308
17,5.428675439323859,1139,0.15972447483464286,0.9959292755944352,0.29366609569372965,0.048962799325593304,0.9924208455079917,0.0011802081357275979
17,7.9060432109076855,1139,0.17041490373137627,0.9956569066817224,0.2967204024896665,0.047028604895230336,0.9923395670537921,0.0011276099966676875
17,11.513953993264458,1139,0.18398302893087506,0.9953111538875303,0.3052267866423187,0.04594228088830819,0.9921172430941144,0.0010976323495002025
17,16.768329368110066,1139,0.20157175175774333,0.9948628456483585,0.3201635151794405,0.045605044076419125,0.9917289332663884,0.001086790258601118
17,24.420530945486497,1139,0.22464415479416266,0.994274653964679,0.34271010596424684,0.0458418850077145,0.9911446304526758,0.0010873771485273302
17,35.564803062231285,1139,0.25496862866418857,0.9935014941433529,0.3742907709160255,0.046518533811330885,0.9903276548634643,0.0010941401460761965
17,51.79474679231202,1139,0.29458134542979364,0.9924915003363438,0.41670894571599765,0.047703839027694324,0.9892309954477465,0.0011109761997566186
17,75.43120063354607,1139,0.34582128578388416,0.9911851489208671,0.4724088720221043,0.04967426379045273,0.9877906217175516,0.0011525225059394776
17,109.85411419875572,1139,0.4116126137919037,0.9895080753112243,0.5449467027580785,0.0526734680935834,0.9859132497613972,0.001240538985219627
17,159.98587196060572,1139,0.4961778727293006,0.9873528951165547,0.6397489976385169,0.05656944495296988,0.9834562241391283,0.0014015090623235422
17,232.99518105153672,1139,0.6062577034918128,0.984548070017679,0.7651561798823916,0.06073191005246576,0.9801997918283865,0.0016738881539072282
17,339.3221771895323,1139,0.7527341638401269,0.9808164234831308,0.9336944433192016,0.06444054599004624,0.9758140272393685,0.0021226312171363513
17,494.1713361323828,1139,0.9523841953939065,0.975730309656871,1.1635345896448495,0.06801591508950879,0.9698222679392732,0.0028424490447626414
17,719.6856730011514,1139,1.2292663285583054,0.9686761721758854,1.4798849761161317,0.07444835499494337,0.9615675871484161,0.0039357085056493275
17,1048.1131341546852,1139,1.6148324078541978,0.958851665771639,1.9153381500732753,0.08956567359756892,0.9502067651317343,0.005477817171856928
17,1526.4179671752302,1139,2.145641215577658,0.9453239131079798,2.5076775763345047,0.11822792788679737,0.9347694372641715,0.007486652935103999
17,2222.996482526191,1139,2.8586108980829894,0.9271505042225346,3.2949513023374495,0.1611456193799551,0.9142871568722019,0.00989436815334599
17,3237.45754281764,1139,3.7861291363371925,0.9035042853915615,4.310521909229626,0.2170598224008879,0.8879224854424868,0.012522589374980972
17,4714.8663634573895,1139,4.954301201769643,0.873718471526679,5.58156268632789,0.287226196887887,0.8550081146819283,0.01507480049139576
17,6866.488450042998,1139,6.384522239606919,0.8372472738776982,7.1302987259567585,0.38113681946129035,0.8150129144278851,0.01716135080747592
17,10000.0,1139,8.09422187775451,0.793647773560522,8.972614720047819,0.5204431661878087,0.7675717108408853,0.018373318775435896
18,0.0001,1329,0.03575828560216397,0.9990874211539584,31.766107807047966,21.847723835174392,0.20877370078080956,0.4586334526068294
18,0.00014563484775012445,1329,0.03867130560700614,0.9990130945247848,23.978052502959923,16.51013222324379,0.4041446694544243,0.34482027843094926
18,0.00021209508879201905,1329,0.04173732053532114,0.9989348500628557,17.70577125961298,11.390989743974421,0.5594537047555533,0.23518472107312305
18,0.00030888435964774815,1329,0.04493617244811757,0.998853214525087,12.885773678719167,7.144203517248262,0.677941500840156,0.14397403076274748
18,0.0004498432668969444,1329,0.048239392555367966,0.9987689325368432,9.37947825997514,4.037713243631204,0.7638694652555282,0.07739111495542998
18,0.0006551285568595509,1329,0.05161575191177905,0.9986828166550232,6.96294036252706,2.040995986735746,0.8230846371628342,0.035729808582534
18,0.0009540954763499944,1329,0.05503594671623182,0.9985956204113131,5.366499320926331,1.0021466744366618,0.8623030437444907,0.019356170566514383
18,0.0013894954943731374,1329,0.05847511234892187,0.9985079720209992,4.327297683269054,0.7543829045485647,0.8879831405084817,0.022224478443509738
18,0.0020235896477251557,1329,0.06191526326372487,0.9984203165690724,3.6288375395599646,0.8344562957762869,0.9054279912798646,0.026742084465147215
18,0.0029470517025518097,1329,0.06534913123331025,0.9983328261841452,3.118146197645351,0.903171130481254,0.9183799029802444,0.028732366917990596
18,0.004291934260128779,1329,0.06878310764603068,0.9982453314192963,2.703086951543056,0.9078067434997044,0.9290811149327146,0.028465403170799826
18,0.0062505519252739694,1329,0.07223575798276348,0.9981573604120648,2.3380660266482716,0.8570897628953349,0.9386199450764356,0.02652158632747455
18,0.009102981779915217,1329,0.07573114403288791,0.9980683059695853,2.0069039603077767,0.7686209383090802,0.9473533704444966,0.023489398464348527
18,0.013257113655901081,1329,0.07928982578050173,0.9979776505083816,1.7083130181894852,0.6617175785107161,0.9552709062820327,0.01995015469584971
18,0.019306977288832496,1329,0.08292224405754359,0.9978851316039232,1.4456409527800056,0.5536089172049513,0.9622554834050707,0.016405882444855194
18,0.02811768697974228,1329,0.08662814377201644,0.9977907556269818,1.2209049508687364,0.4562686394476299,0.96823633737046,0.013203503625163721
18,0.040949150623804234,1329,0.09040214703340461,0.9976946562597014,1.032772747096372,0.375319649768995,0.9732390563487247,0.010512461832851745
18,0.05963623316594643,1329,0.09424185514118492,0.997596889547701,0.877369400709562,0.3110884592328619,0.977361164830368,0.008358896913847492
18,0.08685113737513521,1329,0.09815369558749835,0.9974972868014487,0.7500021583708452,0.2606468876697823,0.9807242820708609,0.006681437723831098
18,0.12648552168552957,1329,0.10215356243507219,0.99739543973448,0.646305433524674,0.21986076924119985,0.9834431424175463,0.005379662978472717
18,0.18420699693267145,1329,0.10626244276622795,0.9972908121440824,0.5625361894700579,0.18512215458245332,0.9856183571679484,0.004352115465254376
18,0.2682695795279725,1329,0.11050050846343237,0.9971828896221735,0.4954875692376338,0.1544565274583225,0.987339320784454,0.0035258128180942587
18,0.3906939937054613,1329,0.11488573802438304,0.99707121397551,0.4423938300053096,0.12760955792223702,0.9886861407861819,0.0028668651743550583
18,0.5689866029018293,1329,0.11944258051367387,0.9969551628912324,0.4008756127139753,0.10522572935230756,0.9897291762660532,0.002365617587285794
18,0.8286427728546842,1329,0.12422071165760858,0.9968334728379066,0.3688731415756681,0.08779831347799609,0.990528649248463,0.0020096022048127385
18,1.2067926406393288,1329,0.1293168837081496,0.9967036815857154,0.34459121343666016,0.07506793988275998,0.9911349114865917,0.0017677117528447355
18,1.7575106248547894,1329,0.13489131186463985,0.9965617081964725,0.32652308985545364,0.06609378874716663,0.9915879611289451,0.0015972128708118313
18,2.559547922699533,1329,0.14117714863130346,0.9964016102825735,0.31355588383087996,0.05973353985555044,0.9919156328841255,0.0014615055747893816
18,3.727593720314938,1329,0.14849178775673405,0.9962152977825319,0.3050793469027421,0.05508270323216547,0.9921317997721115,0.001340518581755414
18,5.428675439323859,1329,0.15726290768787593,0.9959918710165849,0.30102265523790506,0.05163298693923114,0.9922361921253475,0.001230366393058749
18,7.9060432109076855,1329,0.16807661482386693,0.9957163901503711,0.30180889420976753,0.04920128292482616,0.9922161026609025,0.0011377004074065104
18,11.513953993264458,1329,0.18174231241907826,0.9953682132645512,0.3082578656251656,0.04776452124741644,0.9920492426777827,0.001072291126249031
18,16.768329368110066,1329,0.1993546245388102,0.9949194115031126,0.3214654178134581,0.0472833986874069,0.9917069444019875,0.0010394281707592806
18,24.420530945486497,1329,0.2223266764874932,0.9943339245747517,0.3426939258744521,0.04758891461455893,0.9911567436535318,0.001035726254237315
18,35.564803062231285,1329,0.2523840247700203,0.993567733043568,0.3733391025473255,0.04842432225899465,0.9903628181558835,0.0010523935580942607
18,51.79474679231202,1329,0.29155073861205766,0.9925692407260893,0.41505409757184236,0.04963870012797209,0.9892825092463656,0.0010836057820243167
18,75.43120063354607,1329,0.34221534490671074,0.9912776234332549,0.47009189621888303,0.05138717171184813,0.9878574725612493,0.001133054119718402
18,109.85411419875572,1329,0.4074000964516979,0.9896159895668998,0.5418702722783004,0.054170926728514396,0.9859990370871683,0.0012161323636201216
18,159.98587196060572,1329,0.49134599748761476,0.9874764751013215,0.6356897250426508,0.05861662675589543,0.9835690713538952,0.0013610348151550022
18,232.99518105153672,1329,0.600478200301914,0.9846956012676106,0.7595272764108861,0.06507530575559244,0.9803583009258432,0.0016120466768811195
18,339.3221771895323,1329,0.7447455696981397,0.9810200278469203,0.9249497359190129,0.07348584952388773,0.9760617915532925,0.002034431325920988
18,494.1713361323828,1329,0.9392023905175947,0.9760660854616866,1.1482958193949018,0.08405911250671705,0.9702489733507909,0.00271742536632377
18,719.6856730011514,1329,1.205439893552707,0.9692831688371693,1.4520175494042356,0.09864503748611093,0.962331360714647,0.003767979111610188
18,1048.1131341546852,1329,1.5720615446310604,0.9599416039374535,1.8653266301990112,0.12148442314651554,0.9515488779669932,0.005291257598036898
18,1526.4179671752302,1329,2.0731662755670963,0.9471713387261307,2.42276935855688,0.15787190533407608,0.9370089783524103,0.0073653639308742915
18,2222.996482526191,1329,2.744486985179662,0.9300603428251157,3.1602771174770683,0.2114004807458122,0.917790316484761,0.010010365664020254
18,3237.45754281764,1329,3.6185831725715616,0.9077771094294457,4.110572807736594,0.2819882687629635,0.8930635844186963,0.01314330217886633
18,4714.8663634573895,1329,4.721779528572833,0.8796488594660138,5.30105090398811,0.3657829112418197,0.8621494218912314,0.01652943226889919
18,6866.488450042998,1329,6.074332686541355,0.845157821720662,6.754825047688719,0.4582462886317138,0.8244939415524882,0.019759155894684306
18,10000.0,1329,7.692189512889508,0.8038973670937594,8.491362603580933,0.5625506489854588,0.7796505099533964,0.022285550825119738
19,0.0001,1539,0.03331809038167463,0.9991498991690957,38.15248110251083,5.573098355906091,0.01795476828218574,0.09937033407329642
19,0.00014563484775012445,1539,0.03609184355629446,0.9990791478516504,30.024239956943028,6.267012844072121,0.23154058843500253,0.10541183266705495
19,0.00021209508879201905,1539,0.039021888354310266,0.9990043859549482,23.270547670814725,5.832730051376743,0.4065959340023112,0.10147739320056047
19,0.00030888435964774815,1539,0.04210499979147636,0.9989256994894177,17.732707024232603,4.813585297161353,0.5486810358441986,0.08597451896843741
19,0.0004498432668969444,1539,0.04532687646395067,0.9988434679687185,13.339417763851003,3.6739392137499887,0.660599628539132,0.06692807333819475
19,0.0006551285568595509,1539,0.04866281889107807,0.9987583417368675,9.995336746624229,2.6647601830428376,0.7453336613287348,0.04965807120070198
19,0.0009540954763499944,1539,0.05208131785565355,0.9986711410550122,7.551725661952055,1.867625726048308,0.8069693099952566,0.03629515242111937
19,0.0013894954943731374,1539,0.055548573904195334,0.9985827330736731,5.822764688584918,1.2897270944573849,0.8504158969232872,0.02767132373404036
19,0.0020235896477251557,1539,0.059033415457100794,0.9984939053526898,4.617159723202625,0.9270345160470127,0.8806607038674107,0.023883531450664013
19,0.0029470517025518097,1539,0.06251342209281738,0.9984052158948901,3.76615770360592,0.7550530781980009,0.9020669023217499,0.023215827135513338
19,0.004291934260128779,1539,0.06598117197740878,0.9983168424702356,3.139582692587591,0.6942586541436483,0.9179641956337832,0.023134370221673604
19,0.0062505519252739694,1539,0.0694469913474081,0.998228517485181,2.6491277709915213,0.6581532635602723,0.9305723141622257,0.022236902328315926
19,0.009102981779915217,1539,0.0729354134878504,0.9981396174513291,2.2425884446939763,0.6082188903210052,0.9411655363113149,0.020315116289889475
19,0.013257113655901081,1539,0.07647630163547646,0.9980493854615364,1.8939261277938293,0.5425861814311569,0.950346012104791,0.017727834116003763
19,0.019306977288832496,1539,0.08009494473733524,0.9979571807305204,1.5928128385658495,0.47173267927620594,0.9583254793764654,0.014949413569047816
19,0.02811768697974228,1539,0.08380581157393155,0.9978626372592917,1.3358221151363838,0.405227358896142,0.9651570201625368,0.012341282150602383
19,0.040949150623804234,1539,0.08761197427078327,0.9977656792007827,1.1206508515036644,0.34780033214379785,0.9708819588865566,0.010090040174308163
19,0.05963623316594643,1539,0.09150913314561271,0.9976664183471871,0.9437417619544268,0.30029805876360677,0.9755853226953617,0.008245412915577522
19,0.08685113737513521,1539,0.09549197478552773,0.997564991042611,0.8002814098814781,0.26144897460366184,0.9793899164665282,0.006779402369203441
19,0.12648552168552957,1539,0.09956069653071664,0.9974613908165726,0.6850124671815179,0.22880214054287462,0.9824318769020627,0.005622679511169184
19,0.18420699693267145,1539,0.10372568697494948,0.9973553491739768,0.5929386774406049,0.19956001995688546,0.9848420281011763,0.004688039964728221
19,0.2682695795279725,1539,0.10800920799368743,0.9972462939080298,0.5197400876431896,0.171769158807466,0.9867362869696189,0.0039002382935367256
19,0.3906939937054613,1539,0.11244539333640484,0.9971333503808942,0.4619273385561728,0.14511016091952075,0.9882121918123706,0.003221834401496915
19,0.5689866029018293,1539,0.11708228264938611,0.9970152902986784,0.4167618349443861,0.12063837970684883,0.9893497763480428,0.0026536437333905005
19,0.8286427728546842,1539,0.12198907797591688,0.9968903470859607,0.3820350618662263,0.09979322091289089,0.9902150137791603,0.0022103941952147936
19,1.2067926406393288,1539,0.1272682488936856,0.9967559079448355,0.35586312009094073,0.083443283463501,0.9908631513558047,0.0018920876321699693
19,1.7575106248547894,1539,0.1330689899654715,0.9966081715785627,0.33661409981549595,0.07148247386210681,0.9913397287651236,0.001672869273013368
19,2.559547922699533,1539,0.13960001433620328,0.9964418225881921,0.32297693771290886,0.06305023153945069,0.9916790383954448,0.0015142507584640658
19,3.727593720314938,1539,0.14714619559461503,0.9962496070133721,0.3140938617959731,0.05707941405935847,0.9919015915245183,0.0013862441690837102
19,5.428675439323859,1539,0.1560990662333383,0.9960215521139106,0.3096677202864341,0.052732062593108524,0.9920124481298596,0.0012769336862200515
19,7.9060432109076855,1539,0.16700808657471766,0.9957436523687913,0.30999211834565676,0.04952343598603201,0.9920014732544375,0.0011889785504926717
19,11.513953993264458,1539,0.18064850670021224,0.9953961306094191,0.3158885286170617,0.047241469925615114,0.9918457376282873,0.0011307622517859675
19,16.768329368110066,1539,0.1980911117256443,0.9949516562189693,0.3285659096398707,0.045801116179775836,0.99151349103141,0.0011073543081755578
19,24.420530945486497,1539,0.22075452799087675,0.9943740188172674,0.349458545647972,0.04510551033184475,0.990968174024313,0.0011149102670890134
19,35.564803062231285,1539,0.2504223398849993,0.9936177104144767,0.3801284911123469,0.04502794196466866,0.9901703562168604,0.0011429966540470692
19,51.79474679231202,1539,0.2892225232595459,0.9926284751854304,0.42230429632214783,0.04559142450762268,0.9890760869167042,0.0011843433633731547
19,75.43120063354607,1539,0.3396090687441258,0.9913438038687229,0.4780825839021282,0.04716297740632711,0.9876312759388843,0.0012438816699087648
19,109.85411419875572,1539,0.4044544175921742,0.9896905991588032,0.5503059448937373,0.050323977798246496,0.9857617306469437,0.0013398545274076054
19,159.98587196060572,1539,0.48742701183840287,0.9875755633078114,0.6431614732850738,0.055351835833589616,0.9833573750346506,0.0014982292182456993
19,232.99518105153672,1539,0.5938308088310419,0.9848637811949807,0.7630544308866873,0.0617587619190689,0.9802490577470537,0.0017499519207052952
19,339.3221771895323,1539,0.7319685329711276,0.9813438965979444,0.9197669200777339,0.06838990315781283,0.9761781127574156,0.0021394318725871304
19,494.1713361323828,1539,0.9148777510551055,0.9766837295827588,1.12786220741017,0.0741484924348587,0.9707605711265515,0.00273789781234161
19,719.6856730011514,1539,1.1620386240571432,0.9703866205979488,1.4081943603435298,0.07922212080640033,0.9634501300947672,0.0036421489088298625
19,1048.1131341546852,1539,1.5003290045315807,0.9617670347767703,1.7889565184641874,0.08655411455977625,0.9535139348011669,0.004950427886234394
19,1526.4179671752302,1539,1.9631568429090194,0.9499726805350008,2.3049994817144657,0.1023053448119965,0.9400528407489122,0.006730951597044823
19,2222.996482526191,1539,2.586997217953448,0.9340727525250957,2.994296010603726,0.13294760933672709,0.9220947018969357,0.008992480245602832
19,3237.45754281764,1539,3.4062852236110706,0.9131880906483442,3.892535665329799,0.1811252757009843,0.8987354062978735,0.011650323317718174
19,4714.8663634573895,1539,4.449620880411902,0.8865881003175788,5.029248226448887,0.24614115838888218,0.869239848903591,0.014495839319903605
19,6866.488450042998,1539,5.739453970704053,0.8536992796753206,6.4276047995398455,0.3287249637142394,0.833046695740902,0.01719331525876878
19,10000.0,1539,7.2933851964824425,0.8140727774201546,8.104965224008312,0.43773676532610273,0.789751439615946,0.019320489941069097
20,0.0001,1770,0.031451644740019505,0.9991974190912817,54.4736703603219,26.13034113421928,-0.383861353457041,0.5485956528537067
20,0.00014563484775012445,1770,0.03409814783687086,0.9991299370173083,41.97223570281409,22.237056566768146,-0.0586034977054414,0.4583787541706772
20,0.00021209508879201905,1770,0.03690020732251488,0.9990584658624801,31.978164593086717,17.27517560607124,0.1960725031757437,0.35290564214767833
20,0.00030888435964774815,1770,0.03986671193775314,0.9989827715653663,24.010468237940746,12.264919243870159,0.3962812735222917,0.24749987313393151
20,0.0004498432668969444,1770,0.04299526606194219,0.9989029191135117,17.783866195368038,7.951606822703879,0.5515726634205086,0.15699135593647212
20,0.0006551285568595509,1770,0.046268311684422914,0.9988193722717698,13.082278674183575,4.700152235481044,0.668515997401083,0.08951404781635143
20,0.0009540954763499944,1770,0.04965470069809798,0.9987329473100115,9.681537347948026,2.557499797165759,0.7531246795259567,0.047284738981733646
20,0.0013894954943731374,1770,0.05311600501079232,0.9986446419632804,7.324015685381509,1.3941709378770775,0.8118933355180282,0.029782025628395613
20,0.0020235896477251557,1770,0.056614403257658,0.9985554267824366,5.73513597197313,1.0010355721097735,0.8516355107044159,0.02927205727202493
20,0.0029470517025518097,1770,0.060120050368511826,0.998466057193748,4.660394639397456,0.9931619612517384,0.8786675184113552,0.03237197766320641
20,0.004291934260128779,1770,0.06361721980907223,0.9983769235992076,3.898072109641737,1.0427538212076,0.8980098941087762,0.03412829925631608
20,0.0062505519252739694,1770,0.06710757014118908,0.9982879758155032,3.312081417412024,1.048866172358538,0.9130499806208536,0.03388961546258944
20,0.009102981779915217,1770,0.07060817770549517,0.9981987764641348,2.824758570824223,0.9984683394450772,0.9257062933647846,0.03185653252533898
20,0.013257113655901081,1770,0.07414409321486944,0.9981086887445088,2.399524489210879,0.9028767361715982,0.9368585345123857,0.02851020241582186
20,0.019306977288832496,1770,0.07773875796769977,0.9980171170179851,2.023401068510591,0.78144265460671,0.9467912016640272,0.024452362264640332
20,0.02811768697974228,1770,0.08140746823558088,0.9979236714051417,1.6939742569332208,0.6535520033649981,0.9555290628368492,0.020250259761043624
20,0.040949150623804234,1770,0.08515722992345434,0.9978281717723281,1.4112868287824392,0.5337296530583296,0.9630464818099,0.01632088996741817
20,0.05963623316594643,1770,0.0889919450027313,0.9977305165203394,1.1739514645313132,0.4301229356894582,0.9693656259810375,0.012897257960611152
20,0.08685113737513521,1770,0.09291864243067369,0.997630524252705,0.9784312693149271,0.34555131746451334,0.97457112109898,0.010063923142865737
20,0.12648552168552957,1770,0.09695095362688001,0.9975278453615062,0.8199099335348137,0.27925248256282986,0.9787841171216071,0.007812959333090574
20,0.18420699693267145,1770,0.10110903967461915,0.997421964164055,0.6932607590352411,0.22819348611685106,0.9821358823301353,0.006082668227779451
20,0.2682695795279725,1770,0.10541768314757942,0.9973122476343571,0.5935350205960266,0.18827288010376714,0.9847558301617528,0.004779208968727512
20,0.3906939937054613,1770,0.10990520056080792,0.9971979727530174,0.5161495483318965,0.15585659811302516,0.986767774706264,0.0038015376794636032
20,0.5689866029018293,1770,0.11460641400299316,0.997078250547933,0.4570095901098529,0.12892298964446172,0.988286506833213,0.003070023674000702
20,0.8286427728546842,1770,0.11957303433087599,0.9969517622241042,0.41257024882579996,0.10694867408360881,0.9894141235651546,0.0025351592504865602
20,1.2067926406393288,1770,0.12489222361505073,0.9968162874814043,0.37979132726090237,0.08989111835396385,0.9902384308932787,0.0021599174457826863
20,1.7575106248547894,1770,0.1307089029822297,0.9966681364383202,0.35606710830473276,0.0773063425594793,0.9908328593984923,0.0019003701621737937
20,2.559547922699533,1770,0.1372447081883334,0.9965016652529686,0.33926357789315686,0.0682032533795625,0.9912551136406387,0.0017072551561421758
20,3.727593720314938,1770,0.14481154415038508,0.9963089290811773,0.3278764420046469,0.0614729783095672,0.9915438180821351,0.001542064342740489
20,5.428675439323859,1770,0.15382794364428415,0.996079264497201,0.3211857733882977,0.05633825788789441,0.9917156475970351,0.0013878724587281864
20,7.9060432109076855,1770,0.16485240819036273,0.9957984380548878,0.3192861506685916,0.05246328761664025,0.9917656146725218,0.001248151018333767
20,11.513953993264458,1770,0.17864173145051584,0.9954471543692043,0.32297718311741386,0.049779905336648535,0.9916707692737721,0.001138106872461911
20,16.768329368110066,1770,0.1962244165095684,0.9949991774555246,0.3335695302848872,0.0482676280460429,0.9913958285376498,0.001073440078409959
20,24.420530945486497,1770,0.21896128650570343,0.9944197825432053,0.3526632130572665,0.04783893538759603,0.9908991310384302,0.0010604182779492969
20,35.564803062231285,1770,0.24856706146955476,0.9936652132172767,0.3819610320459672,0.048347048305922874,0.990137212876772,0.0010929558221595005
20,51.79474679231202,1770,0.2871002258771795,0.9926829603894444,0.42321185426047847,0.04968942282543442,0.9890657360123878,0.001159309362458626
20,75.43120063354607,1770,0.33698015005331283,0.9914113573371598,0.47838566648102443,0.05194499464012725,0.9876344813517027,0.0012517437882190203
20,109.85411419875572,1770,0.40112806117179023,0.9897760200541297,0.5501350801708507,0.05542058071175928,0.9857751440488144,0.0013717364195160037
20,159.98587196060572,1770,0.4833367120928174,0.9876804484709151,0.6425061207302315,0.0605092415891604,0.9833826320145607,0.0015314843271163599
20,232.99518105153672,1770,0.5889647456724753,0.984988322201309,0.7617814777892121,0.0673906810981682,0.9802925022466861,0.0017570124946283264
20,339.3221771895323,1770,0.7260212413044774,0.9814957930394724,0.9173736099413008,0.07576741167966215,0.9762568275695698,0.002094964516589101
20,494.1713361323828,1770,0.906607907612653,0.9768945926409659,1.122837112013822,0.08500596656852263,0.9709177184504109,0.0026196350624516506
20,719.6856730011514,1770,1.1484746039932847,0.9707322341547734,1.3970928835496996,0.09504300333421528,0.9637771541229224,0.003433302365110674
20,1048.1131341546852,1770,1.4760941920626163,0.9623845454022725,1.765507585716421,0.1079661436986441,0.9541720237032066,0.004653110465126737
20,1526.4179671752302,1770,1.9202920331018316,0.9510651466923858,2.2597000789116906,0.12928471306717837,0.9412819518669615,0.006388709654571888
20,2222.996482526191,1770,2.5156070614733204,0.9358927386983161,2.914894804595284,0.16671793429230092,0.9241994574018497,0.008717405855553232
20,3237.45754281764,1770,3.2958083827788043,0.9160053062649529,3.765280183323714,0.22564944750678906,0.9020513811205481,0.011645098382904916
20,4714.8663634573895,1770,4.289693356403191,0.8906671798691594,4.840060235907689,0.3054760327254488,0.8741032770619587,0.015048591736268121
20,6866.488450042998,1770,5.519402721553611,0.8593122077822979,6.162656891566409,0.40050136723607777,0.8397830791766527,0.01862748023815308
20,10000.0,1770,7.001139113358958,0.8215260671119194,7.751808880876014,0.5054142953121489,0.7986543211817467,0.02190115268025428
